L_ListingID,g,t
1184988466,numeric,"Excellent Investment Opportunity knocking your door in the city of El Monte! Welcome to this charming 1-bedroom, 1-bathroom home located in an excellent area of El Monte. This property is a great opportunity for investors, first-time buyers, or a small family looking for a home with plenty of potential. The property features a spacious driveway with parking for approximately 3-4 vehicles, providing ample off-street parking. The garage offers the opportunity to be converted into an ADU, creating an excellent opportunity for additional living space or potential rental income. Situated on an approximately 6222-square-foot lot, the property offers a spacious backyard with plenty of possibilities for entertaining, gardening, expansion, or future improvements."
1187801046,price,"Discover an exceptional luxury residence by Toll Brothers in the highly desirable Evergreen enclave at The Meadows Community. Elevated by over $400000 in premium interior and exterior upgrades, set on a prestigious oversized lot adjacent to the park with no homes behind. This property offers a rare privacy and a serene backdrop for everyday living and entertaining. Enter through the elegant foyer with soaring ceilings, highlighted by a striking $15000 custom crystal chandelier. The main level features an abundance of natural light, a convenient en-suite bedroom, a dedicated office and a powder room. The expansive open floor great room equipped with integrated built-in speakers and 2 sets of fully retractable sliding doors creating a seamless indoor-outdoor connection. The Gourmet Chef's kitchen is true centerpiece, appointed with Jenn-Air stainless steel appliances including a built-in refrigerator, 6-burner stove and microwave, complemented by a dramatic quartz waterfall-edge center island, custom cabinets, porcelain tile backsplash and pantry. Custom blinds and light fixtures throughout along with Ring and Nest smart-home systems add refined convenience and security. Upstairs, a versatile loft provides flexible living or workspace paired with a massive laundry room for everyday ease. 4 en-suite bedrooms with walk-in closets and upgraded bathrooms. The primary suite is a private retreat with an additional lounge space, a spa-inspired bathroom, includes a soaking tub, a spacious walk-in shower, dual vanities and a generous walk-in closet designed for ultimate comfort. The backyard is an entertainer's oasis: a California room, built-in BBQ, cascading waterfall, 2 fire pits, sauna and outdoor shower are all set amid elegant tile pavers, low maintenance artificial grass and numerous fruit trees. Practical upgrades includes fully paid off solar panels, energy efficient Insulation, epoxied garage flooring, EV charging, tankless water heater and water softener delivering both efficiency and modern luxury. With a Low Property Tax Rate, homeowners association & No Mello-Roos, this meticulously upgraded home offers an elevated lifestyle that is truly too much to list. Enjoy the World Class amenities The Meadows offers including private clubhouse, pools, spas, dog parks, sport courts and scenic walking and biking trails. Close proximity to Irvine Spectrum, Great Park, freeways and shopping."
1184964786,numeric,"THE 'RIVER HOME' IS A COLLECTION OF 56 TOWNHOME STYLE LOCATED NEXT TO LEWIS MACADAMS RIVERFRONT PARK(FORMAERLY MARSH PARK). TOP FLOOR! CORNER UNIT! SURROUNDED BY THE LA RIVER AND NATURE IN THE HEART OF THE CITY, THIS IS TRULY A RARE GEM THAT IS HARD TO FIND. THIS FEATURED HOME OFFERS 3 BEDROOMS, 3 BATHROOMS, PLUS A COZY DEN, WITH 1790 square feet OF BRIGHT OPEN-CONCEPT LIVING SPACE FILLED WITH NATURAL LIGHT. THE HOME FEATURES ENGINEERING HARDWOOD FLOORING, TILE, AND CARPET THROUGHOUT, ALONG WITH RECESSED LIGHTING, EUROPEAN-STYLE CABINETRY, AND QUARTZ BATHROOMS THAT CREATE A CLEAN AND MODERN ATMOSPHERE. TWO(2) SPACIOUS BALCONIES OVERLOOKING THE LA RIVER AND SILVER LAKE HILLS PROVIDE AN OPEN AND REFRESHING FEEL, EVEN WHILE LIVING IN THE CITY. RESIDENTS CAN ENJOY NEARBY PARKS, WALKING TRAILS, BIKE PATHS WHILE ALSO HAVING EASY ACCESS TO POPULAR RESTAURANTS, CAFES, AND SHOPPING DESTINATIONS THAT BRING CONVENIENCE AND VIBRANT CULTURAL LIVING TOGETHER. COMMUNITY AMENITIES INCLUDE SHADED COURTYARD SEATING AND GATHERING AREAS, BBQ FACILITIES, AND A COZY FIREPLACE THAT ADDS WARMTH AND COMFORT TO THE SPACE. THE PROPERTY ALSO OFFERS TWO(2) GATED PARKING SPACES+INDIVIDUAL STORAGE WITH EV CHARGING CAPABILITY, ALONG WITH 11 ADDITIONAL GUEST PARKING SPACES FOR VISITORS. ENOUGH EYE SHOPPING THROUGH PHOTOS-THIS IS A HOME YOU TRULY NEED TO EXPERIENCE IN PERSON!"
1174675934,numeric,"Tucked at the end of a peaceful cul de sac, this impressive Brentwood home offers more than 3300 square feet of thoughtfully designed living space, exceptional flexibility, and an outdoor lifestyle today's buyers are seeking. Generous, light filled gathering areas provide plenty of room for entertaining, remote work, growing households, or multigenerational living. Step outside to a private backyard retreat featuring a refreshing pool and spa, along with expansive areas for relaxing, gardening, and play. The spacious side yard, currently enhanced with garden and flower beds may offer potential for an ADU, creating possibilities for extended family, rental income, or a detached home office. There is also ample space for boat or RV storage, while the three car garage provides additional room for vehicles, hobbies, and recreational equipment. Buyer to verify all ADU and vehicle storage possibilities with the City of Brentwood and applicable authorities. Convenience is one of this home's greatest advantages. Located near highly regarded Brentwood schools, including nearby Pioneer Elementary, the property also offers exceptional access to shopping, dining, entertainment, and everyday essentials. Enjoy proximity to the Streets of Brentwood, major retailers, grocery stores, Costco, Home Depot, In-N-Out, and Kohl's, along with nearby walking and biking trails connecting to downtown Brentwood. Commuters will appreciate being approximately two minutes from freeway access, while outdoor enthusiasts can reach Delta boat launches in about 15 minutes. Combining a versatile interior, resort style backyard, generous lot, and outstanding location, this exceptional property offers the space and convenience to enjoy every stage of life. Come experience the possibilities and imagine the memories waiting to be made here."
1180310562,numeric,"Split-level floor plan in a great neighborhood! * Multi gen opportunity! *Steps up to main living *Primary Bedroom/Bath on Main floor with living room, kitchen, dining room and powder room *3 Bedrooms, bath and large game room/family room on lower level separate from Primary. *Dining room with LOTS of built in storage *Spacious 3 car garage *Separate laundry room on lower level *Large deck off dining room with steps down to the backyard *large private backyard, *Relaxing and inviting front porch *No homeowners association!"
1190653884,numeric,"2007-built 4-unit multifamily investment property in Van Nuys, located in the heart of the San Fernando Valley within the City of Los Angeles. Newer than many surrounding apartment buildings and multi-unit properties, this gated complex includes two 3-bedroom, 2-bathroom units and two 2-bedroom, 1.5-bathroom units. Gas and electricity are separately metered for each unit, and tenants pay for their own trash, helping reduce owner-paid operating expenses. The property has an automatic gated entry and a large covered carport with two tandem parking spaces designated for each unit, providing parking for up to eight vehicles. The combination of 2007 construction, larger unit configurations, separate gas and electric meters, tenant-paid trash, gated access, and substantial covered parking makes this a compelling Los Angeles multifamily investment opportunity. Conveniently located in Van Nuys with access to major San Fernando Valley employment centers, shopping, dining, transportation, and surrounding Los Angeles communities. An excellent opportunity for investors searching for a fourplex, apartment building, income property, or multi-unit investment property in the San Fernando Valley."
1174897742,numeric,"BEST VALUE IN SFV! Welcome to this DESIRABLE 2nd Floor level condominium in Downtown Van Nuys! Two bedrooms plus two bathrooms at opposite ends of the home, ideal for roommates or guests! Just blocks from the Orange Line Busway, Costco, restaurants, and grocery stores. This unit offers an open living and dining room with tiled flooring throughout and stainless steel appliances in the kitchen - REFRIGERATOR included! Step out and relax onto your private balcony. Unit has two tandem parking spaces in a gated and secured lot and building. Replaced-In-unit washer and dryer INCLUDED for convenience. homeowners association fee includes common area maintenance, trash, water and sewer services. Centrally located within a short walk to the courthouse, shops, restaurants, parks and public transportation, and a short drive to Burbank, Los Angeles or UCLA. Commuters will find close proximity to the 405, 101 and 170 freeways great options to navigate Los Angeles traffic. Unit qualifies for ""Community Advantage Program."""
1156922526,numeric,"Live Well Welcome to this beautiful cul-de-sac home in Victorville. This charming two-story residence offers 1881 square feet of comfortable living space, featuring 4 spacious bedrooms and 3 bathrooms, built in 2007. Step inside to a warm and inviting great room enhanced with surround sound in multiple areas and stylish tile flooring. The entertainment-ready kitchen boasts granite countertops, a large island, and a comfortable dining area perfect for gatherings. The first floor includes a guest bedroom and a full bathroom, ideal for visitors. Upstairs, you'll find two generous guest bedrooms connected by a Jack-and-Jill bathroom, along with a spacious primary suite featuring a double-door entry, a large walk-in closet, and a primary bath with dual sinks, a separate shower and tub, and laminate flooring. The large, low-maintenance backyard is perfect for relaxing evenings or outdoor entertaining. Conveniently located near shopping, the freeway, parks, trails, and schools, this home offers both comfort and accessibility. Schedule your private showing today and discover all this home has to offer."
1174651951,price,"MAJOR PRICE IMPROVEMENT! Now offered at $724900. Welcome to this beautifully maintained home offering space, flexibility, and modern comfort in one of Menifee's growing communities. A standout feature is the attached casita with its own private entrance, bathroom, and walk-in closet, making it ideal for multigenerational living, extended guests, a home office, or a private retreat. Inside, the open-concept floor plan creates a seamless flow between the living, dining, and kitchen areas, providing an inviting space for everyday living and entertaining. The kitchen features stainless steel appliances, abundant cabinetry, generous counter space, a breakfast bar, and a functional layout designed for gathering with family and friends. Just off the entry, the original den has been enclosed with sliding mirrored doors and is currently being utilized as an additional bedroom, providing flexible living space for a variety of needs. Upstairs, a spacious loft offers additional room for a media area, home office, playroom, or study space. The primary suite serves as a relaxing retreat with access to a private balcony, perfect for enjoying morning coffee or evening sunsets. Two secondary bedrooms share a convenient Jack-and-Jill bathroom, enhancing both functionality and privacy. Outdoor living is equally inviting with covered patio areas and ample space for relaxing or entertaining. Additional highlights include paid solar, a newly installed tankless water heater, an attached garage, and ample driveway parking. Conveniently located near shopping, dining, parks, schools, Mt. San Jacinto College (MSJC), and easy access to the I-215 freeway, this home offers both comfort and convenience. With Menifee continuing to grow and expand, this property presents an exceptional opportunity to enjoy all the area has to offer. Don't miss this incredible opportunity!"
1170411404,numeric,"Nestled within one of the most prestigious neighborhoods in Agoura Hills is this exceptional Morrison Ranch Highlands 1009 model which offers 5 bedrooms, 4.5 bathrooms, approximately 5700 square feet of living space, and a generous lot of approximately 19121. A grand customized exterior portico as its covered entry leads to a sweeping half-spiral staircase that sets the elegant tone to an open interior with a second-floor gallery walkway. The living room has soaring ceilings, abundant natural light, a massive central fireplace, French windows and doors that open to an entertainer's backyard with surrounding rolling hills. Designed for both formal entertainment and everyday living, this estate features a spacious sophisticated formal dining room and a large gourmet kitchen appointed with a Sub-Zero refrigerator, granite countertops, a Viking double oven, microwave, dishwasher, trash compactor, warming drawer, center island with sink, and plantation shutters. The adjoining breakfast nook showcases charming French bay windows and a door to the private side yard. The expansive family room offers custom wall units, a full-service bar, and a centrally positioned fireplace, creating a warm and inviting gathering space. The impressive primary suite serves as a private retreat, complete with coffered ceilings, an angled fireplace with a custom mantel, a generous office/retreat area, two oversized closets with built-in organizers, a large private balcony with serene backyard views, and a spacious primary bathroom with two sinks. Upstairs there is an additional bedroom ensuite with its full bathroom and spacious closet. There is another bedroom ensuite on the ground floor, the other 2 bedrooms share an adjacent full bathroom. Enjoy outdoor entertaining in both the backyard and side yard which offers: an elevated spa having its water cascading down upon the pool surrounded by herringbone deck brickwork work; a full built-in BBQ center; firepit with gas; and lush landscaping. Additional highlights include: a three-car garage; brand new carpet; a spacious laundry room with tile counters and a sink; ample cabinetry including built-ins; entry powder room; French doors; crown moldings; mirrored wardrobes; ceiling fans; plantation shutters; recessed lighting throughout; freshly recently painted interior and exterior; wired for surround sound; large attic areas, one access is from the garage which has a pull down ladder; and the retreat off the primary bedroom can be used as office or gym. This home presents tremendous potential for further customization and is ideally located near top-rated schools, parks, shopping, and recreational amenities."
1190338058,numeric,"Located in Gilroy, this spacious 3-bedroom, 2 1/2-bath home offers 2028 square feet of living space. The interior features beautiful LVP flooring throughout, complemented by central forced-air heating and central AC for comfort year-round. Storage is abundant in this home, from the extra-large laundry room to closets galore throughout the house! The dining area is integrated into the living room, creating an open and accessible space, as well as an additional living area in the upstairs loft. The property includes a 2-car garage, solar panels/battery, and many smart home features. Enjoy an easy walking distance to Gilroy Sports Park and the Uvas Creek Levee Trail. Come see this beautifully-maintained home; it's move-in ready!"
1188093130,other,"Imagine having your own stretch of open land where the mountain views go on for miles and the desert sunsets steal the show. Set on 2 usable acres in Llano, this property offers space, privacy, and the opportunity to create a place that feels completely your own. A small existing cabin structure adds character and gives a future owner a starting point to renovate, refresh, or reimagine into a cozy desert retreat. The property also features an existing water tank, and electrical poles are nearby for a potential future connection. Buyer to verify availability, connection requirements, permits, utilities, square footage, and all property conditions. With LCA11 zoning, the property may offer possibilities for a custom home, small-scale farming, animals, equestrian use, or a peaceful weekend getaway, subject to buyer verification with the appropriate agencies. Spend your mornings surrounded by wide open views, your evenings watching colorful desert sunsets, and your nights under beautiful open skies with plenty of room to bring your vision to life. Conveniently located near State Route 138 and State Route 18, providing access toward Palmdale, Lancaster, Victorville, and surrounding Southern California communities."
1179074191,other,"Escape to the mountains and enjoy the charm of this cozy Pinecrest cabin nestled among the trees with peaceful treehouse-like views. This well-maintained cabin offers the perfect place to relax after a day at the lake, hiking, skiing, or exploring everything the Sierra has to offer. Warm and inviting, it captures the classic mountain cabin feel while providing a comfortable retreat for weekends or seasonal getaways. Located on a U.S. Forest Service lease, this is a rare opportunity to own a piece of the Pinecrest lifestyle. Cash purchase only. Whether you're looking for a quiet escape or a family cabin to enjoy for years to come, this mountain retreat is ready for its next chapter. *some photos have been virtually edited*"
1170407435,other,"LOW TAX RATE OF 1.4% AMAZING LOCATION! Welcome to 12261 Cielo Ct located in the highly sought-after Day Creek Square community of Rancho Cucamonga! This beautifully designed modern condo offers stunning views from every level of the home, combining comfort, style, and convenience in one exceptional location. Featuring an open and airy layout with contemporary finishes, abundant natural light, and private outdoor spaces, this home is perfect for both relaxing and entertaining. The home also features a spacious flex area that can be used as a 3rd bedroom, second living room, or dedicated office. Outdoor spaces on every level. Enjoy resort-style community amenities including a sparkling pool, spa, BBQ areas, and parks thoughtfully located throughout the neighborhood, creating the perfect setting to enjoy Southern California living. Ideally situated within walking distance to Victoria Gardens and Durango Cocina & Rooftop, you'll have premier shopping, dining, and entertainment just moments away. Conveniently located minutes from the 15 and 210 freeways, this home offers easy access for commuters while still being close to everything Rancho Cucamonga has to offer. This is modern living at its finest in one of the city's most desirable communities."
1180618151,numeric,"Ideal court location, this single-story 4-bedroom, 2-bath home sits on an expansive 9900 square feet. lot with a pool with safety fence included and a brand-new roof! The spacious backyard features fresh new sod and plenty of room to relax, entertain, and enjoy California outdoor living. Inside, the versatile floor plan offers two separate living spaces and two dining areas, providing plenty of room to spread out, gather, or create a space that fits your lifestyle. An added standout feature is the Generac whole-home generator, providing reliable backup power when you need it. A rare combination of a large lot, pool, single-story living, court location, new roof, and whole-home generator this Concord home is one you won't want to miss! Additional pictures available soon!"
1159691507,other,"Improved list price! Experience the best of desert living in this beautifully maintained, top-floor condo nestled within the prestigious Cathedral Canyon Country Club. This two-bedroom, two-bathroom residence offers a perfect blend of comfort, style, and stunning scenery.Enjoy the luxury of a spacious primary ensuite with expanded closet and direct balcony access. On the opposite side of the condo, an additional bedroom and bathroom provide privacy and separation. A private balcony provides views of the majestic San Jacinto Mountains and the lush, meticulously landscaped neighborhood. It is the ultimate spot for morning coffee or sunset cocktails, and includes a gas grill for al fresco dining.Additional features include a laundry area with washer/dryer, a convenient outdoor storage closet, dual staircase railings, a covered parking space, and nearby guest parking.Enjoy peace of mind and effortless living with a new tankless water heater and a newer gas range in the kitchen, perfect for preparing meals with precision. Vaulted ceilings in the living room enhance the sense of space and natural light.Embrace the resort-style amenities that come with living in Cathedral Canyon CC, including access to world-class golf, sparkling swimming pools, tennis courts, and scenic natural beauty.This property offers an exceptional opportunity for those looking for a primary residence, a tranquil seasonal getaway, or a smart investment in the heart of the desert.Cathedral Canyon Country Club features 450 acres of park-like environment including an 18-hole golf course and 10 tennis courts. Proximity to shopping, restaurants, Community Amphitheater, the CV Link, and the Agua Caliente Casino Cathedral City. The PSP International Airport and downtown Palm Springs are just minutes away.homeowners association fee includes cable TV, internet, trash/recycling, exterior maintenance, and landscaping."
1190149869,numeric,"LOCATION, LOCATION, LOCATION! PRIME PANORAMA AREA OF CATHEDRAL CITY! 4 Bedrooms 2 Bathrooms, very open and spacious floor plan, 3 car Garage, POOL/SPA newly replastered, New Kitchen, New Flooring, New Bathrooms, New Windows and much more. Property has been fully remodeled and looking better than new. Desert Landscaping shows beautiful with a lot of detail. Do not miss it..."
1183660714,price,"An exceptional opportunity in desirable Lake Balboa offering a beautifully renovated main residence PLUS a permitted attached Junior ADU-perfect for multigenerational living, extended family, a private home office, guest accommodations, or potential rental income! The thoughtfully updated main residence offers approximately 1277 square feet. with 3 bedrooms and 2 bathrooms, featuring a bright, inviting floor plan designed for comfortable everyday living and entertaining. Stylish finishes and modern updates create a truly move-in-ready home with the warmth and character today's buyers are looking for. Adding tremendous value and versatility is the approximately 400 square feet. permitted detached ADU featuring 1 bedroom and 1 bathroom. Whether used for family, guests, work-from-home space, or potential rental income ($2200 to $2400 per month) to help offset monthly housing expenses, this separate residence provides flexibility that is increasingly difficult to find. Together, the main residence and ADU offer approximately 1677 square feet. of living space with a total of 4 bedrooms and 3 bathrooms, all situated on an approximately 7250 square feet. lot. The spacious property provides room to relax, entertain, and enjoy Southern California living while maintaining separation and privacy between the two residences. This unique setup is ideal for an owner-user looking for additional space and income potential without sacrificing the comfort of a traditional single-family home. Conveniently located in Lake Balboa and adjacent to Encino, with easy access to shopping, dining, recreation, transportation, and everything the San Fernando Valley has to offer. Why settle for just a house when you can have a beautifully updated home PLUS a permitted second residence? 6714 Jellico offers the flexibility to live, work, host, and potentially generate income-all on one property. A special opportunity for buyers looking for more than the typical single-family home. Come experience everything 6714 Jellico Avenue has to offer!"
1189488884,numeric,"Welcome home to this desirable single-level gem in the sought-after Gibbs Ranch neighborhood. With incredible curb appeal, this 3 bedroom, 2 bathroom home welcomes you the moment you arrive. Step through the front door into a bright living room that flows into a combination family room and dining area, centered around a cozy wood-burning fireplace and open to the kitchen, ideal for entertaining or everyday living. The light and bright primary suite offers a private en suite bathroom and a spacious walk-in closet. Outside, the fenced backyard is a great size with lush grass, the perfect play space, plus raised garden beds ready for your green thumb. A NEW ROOF and large newly poured driveway easily accommodates a trailer or boat, and a 2-car garage rounds out this move-in ready home. This one truly has it all."
1177734124,price,"This exceptional West Lancaster property is unlike anything else on the market - an upgraded, rural retreat representing over $130000 in documented systems and improvements. Set on 2.123 acres, this 4-bed, plus DEN, 3.5-bath, 2286 square feet home features an upgraded master suite with a Kohler cast iron soaking tub, commercial-grade steel doors, ceramic tile flooring throughout to complete the interior overhaul. Climate control includes four Panasonic ductless mini-splits, plus a 6000 BTU air conditioning in the den and a full central HVAC system, a 68000 BTU pellet stove, and a motion-activated hot water recirculation loop. The fully fenced and gated 2+ acre lot features 700+ feet of fencing, big-rig-accessible roll gates, a 40-foot shipping container on engineered footings, and a multi-phase 5.5-inch reinforced concrete driveway. Additional upgrades include a 150+ ft attic catwalk, 200-amp external generator connection, and a 240V welder wiring, a 500-gallon propane tank."
1178618511,other,"Come see 1374 El Nita Ln, recently updated with new flooring throughout the home, establishing a unified and refreshed interior environment. The uniform surface across all living areas contributes to a cohesive design. The exterior space includes a fenced in backyard, providing an enclosed area for various outdoor activities and adding to the property's utility. This residence combines modern updates with practical living.. Included 100-Day Home Warranty with buyer activation"
1189497420,price,"Welcome to this well-maintained 3-bedroom, 2.5-bathroom condominium in the City of Baldwin Park. Offering approximately 1057 square feet of comfortable living space, this two-story home features a welcoming living room with a fireplace, a functional kitchen, a convenient powder room, and access to a private backyard on the main level. Upstairs, you'll find three bedrooms, including a primary bedroom, along with a full hallway bathroom. Additional highlights include central heating and air conditioning, an attached two-car garage with direct access, and laundry hookups in the garage. Residents can also enjoy the community swimming pool. The monthly homeowners association dues are approximately $300 and include water, trash collection, and common-area maintenance. Built in 1983 and kept in good condition, this home is conveniently located near shopping, dining, schools, parks, and major transportation routes. A wonderful opportunity to make this Baldwin Park condo your own!"
1189983826,numeric,"Play in the sun, profit in style, and bring the RV. This Meiselman has the Palm Springs lifestyle covered. Located in Oasis del Sol just minutes from downtown, this historic, registered 3-bedroom, 2-bath Mid-Century Modern home pairs iconic architecture with serious flexibility. Set on an expansive 10000+ square foot lot, the home features the signature butterfly roof, an airy open floor plan, abundant natural light, stylish updates, and plenty of mid-mod personality. The oversized kitchen island is made for entertaining, while the statement fireplace brings just the right amount of desert drama. Outside is where Palm Springs really takes over: a sparkling pool, spa, fire feature, lawn, mountain views, and private patios off each bedroom create an easy indoor-outdoor escape. Offered fully furnished, it's ready for weekends, full-time living, or your next desert chapter. And then there's the parking: off-street space for up to seven vehicles, including a gated concrete RV pad, two-car garage, and generous driveway parking. With a lot this large, buyers may also want to explore future ADU potential. For buyers considering short-term rental use, Oasis del Sol is currently well below Palm Springs' 20% neighborhood vacation-rental cap, making this an especially interesting property to investigate. And as year-end approaches, it may also be worth asking your CPA whether a Short-Term Rental Tax Strategy could apply to your situation. Full-time home. Stylish second residence. Potential STR. However you use it, this one delivers sun, style, space, and opportunity. (Buyer must apply for their own STR license; availability is based on City data as of the date of this listing input and may change.)"
1153199654,numeric,"Stunning South-facing Mountain Views highlight this beautifully updated 4-bedroom home, thoughtfully designed and built by renowned developer Philip Manuel. Showcasing quality craftsmanship and timeless design, this exceptional home offers both elegance and comfort in every detail, with upgraded tile flooring and a spacious Living Room featuring a fireplace and multi-slide doors for seamless indoor-outdoor living. The updated Chef's Kitchen features crisp white cabinetry, stainless steel appliances, and a functional layout ideal for both everyday living and entertaining. Updated bathrooms, modern finishes and stylish fixtures. The spacious Primary Suite is a private retreat featuring a spa-inspired bath, walk-in closet, and multi-slide doors that open directly to the Pool and stunning Mountain views. 3 Guest Bedrooms feature en-suite baths providing comfort and privacy and private patios. Step out to the back patio and enjoy beautiful desert evenings by the Pool and Spa surrounded by breathtaking vistas. A 2 car garage plus a dedicated golf cart garage. A rare opportunity to own a meticulously updated home with sought-after southern exposure and spectacular views in prestigious Indian Wells."
1175990709,numeric,"Welcome to this perfect starter condo with vaulted ceilings and an open split-level floor plan. This beautiful and well-maintained home offers 2 bedrooms and 1 bath. The front patio overlooks a restful, large greenbelt. Situated in a great community, Kenwood/Crosspointe homeowners association has a swimming pool and clubhouse. Many great amenities include: dual-pane windows, upgraded lighting, freshly painted throughout, new in-unit washer and dryer, new refrigerator and stove, brand-new water heater, 2-car tandem garage with abundant storage, and more. Conveniently located minutes to Plant Shopping Center, Costco, restaurants, with easy access to freeways 87, 101 & 280/680, VTA, and CalTrain Stations. The complex is approved for FHA financing with lower downpayment options."
1146484433,price,"OWN your own SPACE with a monthly association fee of only $45.00 a MONTH! This 3 bedroom, 2 bathroom manufactured home is ready for new owners. Beautifully remodeled kitchen and master bathroom are a must see! Fenced side yard with a producing citrus tree and lots of room for entertaining. Storage units including a Tuff Shed and a carport. No age restrictions. Pets allowed. This established community is well maintained and in a quiet area. Schedule a showing and take a look for yourself!"
1153539807,price,"TURN-KEY and fully remodeled, this vibrant mid-century masterpiece is move-in ready and packed with style, views, and endless possibilities! The moment you step inside this 4 bedroom, 3 bathroom, nearly 1900 square feet home, modern design and sleek finishes welcome you at every corner. The open living room flows effortlessly into a chef's dream kitchen, complete with Italian-imported cabinets, black stainless steel appliances, quartz countertops, counter to ceiling white penny round tile backsplash, floating shelves, and a floor-to-ceiling pantry- perfect for cooking, entertaining, and showing off in style! Step outside and prepare to be amazed-this backyard is the ultimate desert playground! A covered patio with a 16-foot bar, built-in grill, and mini fridge makes entertaining a breeze, while the brand-new landscaping and hardscape frames a sparkling pool with raised spa and modern tanning shelf. And just wait until you see the jaw-dropping San Jacinto Mountain views! There's even a separate seating area with a gas fire pit, making this the ultimate hangout spot day or night. Back inside, the primary suite is cozy with a spacious seating area, show stopping fireplace and tons of natural light making this the perfect private retreat. The spa-inspired bathroom featuring a dual vanity, fully titled walk-in shower, and an oversized walk-in closet (a rare find in mid-century homes!). Plus, with direct access to the backyard, your morning coffee or evening unwind has never looked better. The 3 other guest bedrooms are just as nice and inviting for all of your family and friends. The game room is truly an added bonus to this home with 2 arcade consoles, foosball table, air hockey, and space to watch all of the big sporting events! And here's the kicker-this property isn't just gorgeous, it's a money-maker too. With peak season rental rates around $450 per night, it's the perfect high-performing short-term rental, vacation getaway, or forever home. This Palm Springs stunner has it ALL-style, views, and income potential. Don't wait... your dream lifestyle starts here!"
1157702615,price,"Welcome to one of the most breathtaking view properties in all of Butte County. Stunning 3 bedroom, 2.5 bathroom two-story home offering 2262 square feet of beautifully designed living space on a 9148 square feet lot with a 2-car attached garage. Priced at $274 per sq ft this is exceptional value for one of the most coveted view corridors in Northern California. Perched above Lake Oroville with Owned Solar and sweeping panoramic views of the lake and Northern Valley, this home delivers a front-row seat to nature's finest moments - from morning light dancing across the water to unforgettable sunsets painting the sky every single evening. Step outside and you are surrounded by the best of outdoor living. With Bidwell Marina just minutes away, kayaking on Lake Oroville is a 10-minute decision. The Bidwell Spillway, Bebe Trail, and Kelly Ridge Point are right at your doorstep for walking and biking adventures, and the State Park sits directly behind the property offering endless trails and recreation year-round. The Oroville Dam is just a hop, skip and a jump away. Entertain in style with a beautifully appointed outdoor kitchen complete with built-in grill, garden area with shed, and a bocce ball court - all framed by mature landscaping and a low maintenance yard designed for enjoyment not labor. Unwind in your private hot tub as the sun sets over the valley. Inside the open concept floor plan flows effortlessly with a large kitchen that captures the incredible lake and valley views from every angle. Tinted windows with sunshades keep the home comfortable while preserving those million dollar sightlines year round. This is not just a home - this is a lifestyle. Properties like this in Butte County simply do not come along often."
1178663937,price,"Welcome To The Terramar * Updated Top Floor Condo * Bright * 2 Bedrooms / 2 Bathrooms * 880 square feet * 1988 Built * Open Floor Plan * Living Room With A Fireplace * Dining Area * Vaulted Ceiling * Breakfast Bar * Balcony * Central air conditioning & Heat * Laundry Inside * Secured Complex * Community Pool, Spa & Gym * 2 Car Parking * homeowners association $565/m"
1114892586,numeric,"Welcome to 245 Driftwood Street in the beautiful beach town of Morro Bay. This 4 bedroom, 2.5 bath home is close distance to the Embarcadero where you can shop, dine, wine taste, kayak and walk the beach to enjoy the beautiful view of the famous Morro Rock. This two-story home features tall ceilings, wood flooring and tile throughout, stainless steel appliances and landscaping all around. This Mediterranean style home is set back from the street providing extra privacy. The bottom bedroom has its own separate entrance and a covered patio. The great room is the perfect place to sit next to the fireplace and take in the views from the large windows. The kitchen is great for entertaining with its large granite center island, Dacor stove and custom cabinetry. Off the kitchen is one of two balconies where you can enjoy the sunshine and coastal breezes. The spacious master suite has a fireplace, balcony and a large bathroom complete with a walk-in shower, jacuzzi tub, dual sinks and a separate vanity with plenty of storage space. There is even a Stiltz Lift which is an alternative to using the stairs to the second story. You won't want to miss the opportunity to own a home close to the ocean in the charming town of Morro Bay!"
1189828947,numeric,"Private retreat in Lakeside with newer exterior paint & a 2 year old roof! Set on approximately 1.22 acres, this beautifully landscaped property offers stunning valley & mountain views, incredible flexibility, and room for all your toys. Enjoy the scenery from the deck just off the living room or relax by the swimming pool under the covered patio. The property is an entertainer's and hobbyist's dream, featuring a 24x24 detached 3-car garage/shop with 10-foot doors and a 1/2 bath-perfect for a workshop, storage, hobbies, or possible ADU conversion; buyer to verify. The property features an RV pad with dump, multiple covered carports, additional outbuildings, a Conex storage container, 2 greenhouses, & expansive space for trucks, cars, boats, RVs, toys, or pets, providing exceptional versatility. Inside, you will find 2223 square feet of living space with a flexible floor plan that is ideal for multigenerational living. The family kitchen features quartz countertops and abundant storage. 2 Bedrooms and one bath are located upstairs, while downstairs offers 2 additional bedrooms, a bath, a laundry room, & a 2nd living room with direct access to the patio & pool. There are numerous fruit trees, a partially fenced lot, & beautifully landscaped grounds that complete this special property. Stop compromising & find everything you need in one place. This exceptional property offers the perfect blend of acreage, stunning views, custom workshop space, a pool, & unmatched parking & storage capacity. It is the canvas you have been looking for to live the life you want. Come explore what is possible!"
1176682044,price,"Seller will entertain offers from $815000 to $839000. A rare Work/Live masterpiece with Downtown & Bay Views. Four dramatic levels of light, volume, and versatility - this townhome is one of San Diego's most unique offerings, and photos simply don't do the scale justice. Step through the entry into a soaring 17-ft ceiling flex space, ready to become your law office, architecture studio, ADA-accessible business, home office, or an oversized living room with kitchenette - the choice is yours. This level also includes a private bedroom and full bath, plus direct access to the largest private backyard in the complex (400+ sf), a rare outdoor retreat in the heart of the city. Ascend to the open loft on level two, then arrive at the show-stopping third floor: 15-ft ceilings, walls of natural light, an open kitchen and living/dining area, a 1/2 bath, and two separate balconies made for entertaining under the San Diego sky. The top floor is your private sanctuary - 2 spacious bedrooms with 10-ft ceilings, each with its own en-suite bath. From the living room, primary suite, and balconies, take in sweeping views stretching from the Coronado Bridge to the downtown skyline. Convenience meets luxury with a private, gated 2-car stacked garage featuring a hydraulic lift, tucked just outside your backyard within a secure courtyard. Live minutes from it all: under 10 minutes to Coronado's beaches, & walking distance to Petco Park, Balboa Park, and everything downtown San Diego has to offer. This isn't just a home - it's a lifestyle & an opportunity, all in one address."
1174958260,numeric,"Welcome to refined Modern luxury in Encino Park. This exceptional Single-Story Residence combines timeless comfort with elevated design. The expansive layout features 4-bedroom, 3.5- beautifully appointed bathrooms, and a bonus flex room. This bright, open floor plan features striking exposed wood beam ceilings and large great room. Wall to wall glass doors open completely to the backyard, making the space perfect for indoor-outdoor entertaining. At the center of the home is a chef's kitchen equipped with premium Thor stainless steel appliances, quartz countertops, a large island, shaker cabinets, and huge walk-in pantry. The backyard is designed for low-maintenance, featuring a durable trex deck, artificial turf, and clean landscaping. Additionally, the home includes fully owned solar panels and Tesla power wall, offering reliable back-up power exceptionally for low electricity bills. Don't miss this rare opportunity in Encino Park!"
1190415127,other,"This long time family home is filled with character, architectural charm, and thoughtful modern upgrades. From the moment you enter, you'll appreciate the spacious living room featuring beautiful wood-trimmed windows and doors, original wall sconces, a cozy fireplace, and wonderful views of the charming neighborhood. The living room flows seamlessly into the open formal dining room, offering an inviting space for entertaining and gatherings. Beautiful hardwood floors enhance the warmth and character throughout much of the home. The updated kitchen blends modern convenience with classic charm, featuring new state-of-the-art stainless-steel appliances, stone countertops, a decorative backsplash, new flooring, and a cozy breakfast nook with built-in cabinetry. A conveniently located laundry room also features new flooring. The home offers 3 spacious bedrooms with generous closets, while the upstairs full bathroom showcases wonderful original details that preserve the home's timeless character. Numerous improvements have been completed for the new owner to enjoy, including fresh interior and exterior paint, recent front and rear landscaping and an inviting backyard deck perfect for relaxing or entertaining. Selectively installed dual-pane windows provide added efficiency while thoughtfully preserving some of the home's beautiful original windows and architectural details. Even more impressive are the major permitted upgrades, including a new electrical system with updated lighting, switches and outlets, plumbing improvements including a new sewer lateral, a new roof, tankless water heater, and new central heating system. To top it all off, the property comes with a Section 1 clearance, offering additional peace of mind for the next owner. The location brings everyday conveniences close to home, with BART, bus transportation, major highways, shopping, restaurants, cafes, the library, and post office. Enjoy nearby outdoor recreation at Lake Chabot and the San Leandro Marina, visit the weekly farmers' market, or simply stroll to neighborhood favorites Paradiso and Zocalo Coffeehouse. Classic character, substantial permitted improvements, inviting outdoor spaces, and a convenient location in the Estudillo Estates makes 876 Bancroft Ave a truly special place to call home."
1188185116,price,"A landmark Hillsborough estate of extraordinary scale, privacy, and unparalleled distinction, nestled within the exclusive New Place Road enclave, historically associated with the Gilded Age-era William H. Crocker estate. Arrival begins at the historic William H. Crocker gate posts marking the entrance to New Place Road, winding through the fairways of Burlingame Country Club. 150 New Place Road is an exceptional compound offering refined California living. Private resort-caliber grounds offer gathering areas for relaxation and elegant entertaining in complete privacy. A private detached guest house, panoramic San Francisco Bay views, swimming pool, private tennis and pickleball court, and comprehensive whole-home systems. Sophisticated interior living spaces, generous bedroom suites, theatre room and indoor sauna provide exceptional comfort and recreation. Walls of glass and expansive terraces frame breathtaking San Francisco Bay views and invite seamless indoor-outdoor living. Ideally positioned near San Francisco, Silicon Valley, SFO, and the Peninsula's renowned schools and amenities. Offered at $48888000, 150 New Place is an exceptionally rare Hillsborough trophy estate- a landmark private compound where privacy, scale, setting, and a sense of history converge"
1179703486,numeric,"Welcome to this charming hillside home in the highly desirable Mount Washington area! This 2 bed, 2 bathroom property offers a wonderful opportunity for buyers looking for a home with character, views, and plenty of potential. Nestled on a hillside lot, the property provides a unique setting with room to make it your own. The home features a functional layout with a bonus room with full bathroom that offers flexibility for an office, entertainment area, creative studio, or additional living space. A great opportunity for homeowners or buyers looking to add value and create their own vision in Mount Washington! Buyers and buyer's agent to verify all information, permits, etc. Property is sold As-Is."
1159487931,price,"$1000000 PRICE IMPROVEMENT BEST VALUE IN LOS GATOS! Welcome to this newly constructed compound estate on over 10 private acres at 19534 Montevina Rd in Los Gatos. This rare hillside retreat features three separate dwellings, combining luxury living, usable land, and flexible space just minutes from downtown. The main villa offers 4 bedrooms and 3.5 bathrooms with breathtaking views of the San Jose city lights from its main living areas and outdoor spaces. Step outside to your private vineyard producing your own custom-labeled wine before arriving at an impressive Auto House built for car enthusiasts. The Auto House includes five car bays for collectors, plus an office and wet bar, creating the perfect setting for storage, display, and entertaining. Down the hill, a separate gated entry leads to a barn with 8 stalls, ideal for livestock or equestrian use. Configured as a working farm, the barn includes a laundry room and bathroom downstairs, with a fully permitted 2-bedroom, 3-bathroom living space upstairs perfect for ranch hands, rental income, guests, or returning adult children. Enjoy close proximity to the El Sereno Open Space Preserve Trail, world-renowned schools, and all the incredible restaurants and entertainment Los Gatos has to offer."
1176990874,numeric,"Welcome to this spacious single-story home featuring 3 bedrooms, 2 full bathrooms, and a generously sized lot. Clean, move-in ready, and meticulously maintained, this home reflects true pride of ownership and offers a fantastic opportunity for its next owner. And then you step outside to enjoy your own private backyard oasis featuring a refreshing swimming pool. The expansive lot also includes a detached garage, providing additional storage, workspace, or potential for future possibilities. Whether you're a first-time buyer, growing family, or investor, this well-maintained home offers comfort, space, and exceptional value."
1183667542,numeric,"Nestled on a quiet, private street in the coveted Beverly Hills Post Office area, this beautifully designed single family residence offers an exceptional blend of modern style, comfort, and effortless indoor outdoor living. Approximately 3060 square feet of thoughtfully appointed living space features 3 bedrooms and 5.5 bathrooms, with an open concept layout designed for both relaxed everyday living and sophisticated entertaining. Walls of natural light fill the interiors, highlighting clean architectural lines, contemporary finishes, and inviting living spaces that flow seamlessly toward the outdoors. Generous proportions and a well considered floor plan create a sense of privacy and ease throughout the home. Set in a serene setting yet conveniently close to the best of Beverly Hills and Los Angeles, the residence offers the rare combination of tranquility and accessibility. Enjoy nearby world class dining, shopping, entertainment, and the vibrant lifestyle of the Westside, all while returning home to your own private retreat. A compelling opportunity to own a stylish, move in ready residence in one of Los Angeles most sought after neighborhoods."
1178121932,numeric,"Welcome to this beautifully maintained single-story Lancaster home featuring 4 bedrooms and 2 full bathrooms, where thoughtful care and modern comforts come together to create an inviting place to call home. From the moment you arrive, you'll appreciate the pride of ownership and attention to detail throughout. The updates enhance the home's style, functionality, and everyday livability, with new flooring installed in most rooms and plantation shutters in the main living spaces for a fresh, polished feel. New front and backyard landscaping enhances the curb appeal and creates inviting outdoor spaces to relax, entertain, and enjoy the Lancaster lifestyle. The backyard features a covered patio with outdoor ceiling fans, creating a comfortable space for gatherings, relaxing, and entertaining. An owned solar system adds energy-conscious appeal, while RV parking provides added convenience and flexibility. Move-in ready and thoughtfully improved, this home offers the perfect blend of comfort, style, and modern convenience. Come see all this wonderful home has to offer!"
1178606872,numeric,"Built in 2021, this 3-bedroom, 2-bath home offers 1435 square feet and is situated on a desirable corner lot. With its newer construction and convenient Merced location, this property presents a great opportunity for a variety of buyers. Don't miss your chance to make this home your own!"
1158509938,numeric,"· 9160 square feet. | 5 bedroom + Office | 8 bathroom | 4.78 acres · Custom single-level · Panoramic mountain views · Oversized 4-car garage · Detached 1 bedroom/1 bathroom guest house · Beach-entry pool + cabana with fireplace · New pickleball court · Home theater · Wine cellar · Gourmet kitchen · Owned solar · Gated entry Tucked behind mature landscaping along an extended gated drive, this single-level, 9100+ square feet west Covenant estate sits on 4.78 acres, elevated to capture sweeping mountain views while maintaining a genuine sense of privacy and calm. The location is among the most coveted in the Covenant - just minutes to the Village, the Rancho Santa Fe Golf Club, and with easy access to the coast and I-5. Originally inspired by a European countryside retreat, the home has been completely and thoughtfully refreshed - honoring its original character while embracing a more open, livable feel. Stone accents, beamed ceilings, wide plank wood floors, and a seamless indoor/outdoor connection form the foundation of the design and carry throughout every space. Capitalizing on its premium single-level, indoor-outdoor design, the layout is both refined and easy to navigate. The kitchen - anchored by an oversized island, dual sinks, and generous prep space - flows naturally into the great room and dining area, with multiple lift-and-slide doors extending the living space outward to the covered outdoor areas. Panoramic mountain views are present throughout, quietly framing every gathering and everyday moment alike. The floor plan is as functional as it is well-appointed - four en-suite bedrooms, a dedicated office with its own half bath, a spacious media room, and a temperature-controlled walk-in wine room offer a versatile range of spaces for both daily living and entertaining. The primary suite is intentionally set apart from the main living areas, offering a private retreat with a natural connection to the surrounding landscape. Outside, the property opens into a true lifestyle setting. A beach-entry pool and spa serviced by a full pool bath, a covered loggia, and an outdoor living room with fireplace create multiple inviting areas to gather and unwind. A detached guest house - with a bedroom, full bath featuring a separate tub and shower, and large closet - provides a charming and comfortable space for visitors. A newly added pickleball court anchors the lower grounds, and the expansive acreage offers endless potential - room for a full-size soccer field, basketball, or whatever the next chapter calls for. An oversized 4-car garage and owned solar complete an offering that is genuinely difficult to match."
1168832645,numeric,"Take a look at this 4 bedroom, 2 bathroom home located in the heart of Blythe. Inside, you'll find both a living room and a spacious family room featuring a unique wood-burning corner fireplace. Step outside to the large backyard with a pool, perfect for cooling off on hot summer days and enjoying time with family and friends. Conveniently located near local amenities and just a short drive to the Colorado River, this home offers plenty to enjoy. Don't miss your opportunity to see it and schedule a showing today!"
1183664588,numeric,"Welcome to 1901 Lauriston Lane! Spacious, Light, Bright and Airy! 4 Bedrooms And 2.5 Bathrooms With 2226 square feet Of Living Space! Located is Highly Sought After Chadwick Square Sub-Division! Conveniently located, Walking Distance To Schools, Parks And Shopping! Kitchen Features Island, Stainless Steel Appliances And Granite Counter Tops, modern bathrooms remodeled, vinyl flooring! Check out Built-In Pool, 3 Car Garage And RV Access! Huge Lot With fruit Trees! It is hard to find both pool and RV parking in one lot."
1177750073,other,"Nestled within the exclusive guard-gated enclave of Malibu Colony, this timeless coastal residence embodies the effortless sophistication of a classic seaside estate. Blending East Coast-inspired architecture with the relaxed elegance of Malibu living, the approximately 4400-square-foot home offers beautifully proportioned interiors filled with natural light, custom millwork, wide-plank hardwood floors, and refined architectural details throughout. Thoughtfully designed for both everyday living and gracious entertaining, formal and informal gathering spaces flow seamlessly through French doors to the home's extraordinary outdoor setting. A warm chef's kitchen and inviting family room overlook the lush gardens, while every room is thoughtfully connected to the surrounding landscape. At the heart of the property, the backyard unfolds as a private sanctuary. Framed by mature specimen trees, manicured hedges, climbing roses, and vibrant gardens, the grounds are anchored by a sparkling pool and spa surrounded by expansive brick terraces that evoke the charm of a timeless East Coast retreat. Multiple outdoor living and dining areas create an effortless setting for entertaining beneath the canopy of a magnificent heritage tree or enjoying quiet afternoons immersed in complete privacy.The home's understated interiors reflect the same sense of warmth and permanence, with bespoke built-ins, inviting living spaces, and a collected aesthetic that feels both refined and welcoming. Every detail has been carefully considered to create a residence that is elegant without excess and timeless without compromise. Completing the lifestyle, Malibu Colony residents enjoy exclusive gated beach access just moments from the property. An oceanfront deck, outdoor shower, and private stairway lead directly to one of Malibu's most celebrated stretches of coastline, offering the convenience of beachfront living while preserving the privacy and security of the Colony. Just beyond the gates, Malibu Pier, Nobu, Soho House, and the area's renowned shopping and dining complete one of Southern California's most coveted coastal lifestyles."
1174574241,price,"NEW PRICE OF $378000 AND SELLER IS OFFERING $10000 CREDIT TOWARDS BUYER'S CLOSING COSTS WITH SELLER'S PREFER LENDER. BRAND-NEW CONSTRUCTION CONDOMINIUM LOCATED IN THE CITY OF LA PUENTE! THE BACHELOR UNIT IS A THOUGHTFULLY DESIGNED AND FUNCTIONAL LIVING SPACE. THE ENTRYWAY ON THE FIRST FLOOR PROVIDES A WARM WELCOME AND DIRECT ACCESS TO THE GARAGE, WITH STAIRS LEADING TO THE MAIN LIVING AREA. THE SECOND FLOOR SHOWCASES AN OPEN-CONCEPT LAYOUT WHERE THE ROOM FLOWS INTO A CONTEMPORARY KITCHEN, FEATURING DESIGNATED SPACE FOR ESSENTIAL APPLIANCES. THIS LEVEL ALSO INCLUDES A CONVENIENT POWDER ROOM. THE THIRD FLOOR SERVES AS A SERENE RETREAT WITH A FULL BATHROOM AND A LARGE BALCONY. ENERGY-EFFICIENT WITH OWNED SOLAR INCLUDED. CONVENIENTLY LOCATED NEAR MAJOR FREEWAYS, SHOPPING, AND DINING. THIS HOME IS TRULY MOVE-IN READY!"
1152146264,numeric,"This 1 bedroom, 1 bathroom and 762 square feet of living property unit in the prestigious Bunker Hill Towers offers an upgraded lifestyle in the heart of Los Angeles. Located minutes away from cultural and entertainment landmarks like the Dorothy Chandler Pavilion, Union Station, LA Live, Staples Center, and the Financial District, this property provides unparalleled convenience. Inside, the unit boasts new appliances and a secure, modern aesthetic. The community amenities elevate living to a luxurious experience, featuring on-site conveniences such as a mini-market, dry cleaners, and beauty salon suites. Residents enjoy exclusive access to state-of-the-art exercise facilities with separate his-and-hers wet and dry saunas, two private tennis courts, a pool and spa, high-speed internet, gas, water, BBQ areas with picnic tables, and a secure playground for children. An assigned parking space and a storage locker are included, with additional storage and office spaces available on-site. This is not just a property-it's a lifestyle designed for comfort and access to everything that makes Downtown Los Angeles vibrant and dynamic."
1179134391,numeric,"Welcome to 1887 Ironwood - Only minutes from pristine beaches, world class restaurants, and shopping-this fully furnished home features a spacious open floor plan and outdoor patio with generous space to relax and unwind. Built in 2013, the 1696 square feet. home in Morro Del Mar Village includes 2 bedrooms, 2.5 bathrooms, and a generous loft style den. Inside, recessed lighting and custom window treatments are found throughout, along with local artwork. High ceilings and expansive double-pane windows make the most of natural light and green hillside views. The first level features a bedroom retreat and en suite bathroom complete with a fireplace, seating area, and plush carpeting. Upstairs, you'll find a gourmet kitchen with granite countertops and maple shaker-style cabinetry with built-in shelving. Luxe GE Profile appliances are all stainless steel. The bar top offers seating for two while a dining area directly off the kitchen provides additional dining space. The great room features a two-story beamed ceiling and picture windows to highlight stunning hillside views-plus a fireplace with tile surround and ample seating. The powder room includes a vanity with granite countertops and cabinetry storage. The third level is home to both the loft style den and the primary suite with an en suite bathroom. Furnished with a full-size bunk, the den can serve as a bonus sleeping room or flex space for an office or gym. In the primary suite, desirable touches include a walk-in closet with built-in shelving and wardrobe bars. A full-size stackable washer and dryer offer practical convenience. Large format tiles elevate the bathroom complete with an enclosed tub-shower, granite countertops, and stylish storage. Immediately off the primary suite, an outdoor retreat includes a pergola and sectional sofa-plus an aluminum fire table for easy outdoor living. Additionally, an attached 2-car garage offers even more storage. If you're seeking a turnkey retreat offering the best of Central Coast living, this fully furnished home is perfect for you."
1178796915,numeric,"Opportunity awaits on this expansive 2.5-acre property in El Mirage! Whether you're an investor, builder, or buyer looking to create your own desert retreat, this property offers incredible potential. The existing single-story home features 2 bedrooms, 2 bathrooms, and approximately 1639 square feet of living space, providing a solid starting point for renovation or redevelopment. Situated on a generous 2.5-acre lot, there's plenty of room to reimagine the property, expand, add outbuildings, or create the desert compound you've envisioned (subject to county approval). The wide-open setting offers privacy, panoramic desert and mountain views, and endless possibilities for those seeking space and flexibility. With its large parcel, existing residence, and prime opportunity to add value, this is the perfect blank canvas for investors, contractors, or buyers with a vision. Bring your ideas and unlock the potential of this unique El Mirage property. By entering the property, all agents, buyers, inspectors, contractors, and their guests acknowledge that they do so at their own risk. Seller and listing brokerage assume no liability for any injury, loss, or damage occurring on the property. Visitors agree to exercise caution at all times and to hold harmless, defend, and indemnify the Seller, Listing Broker, and their agents from any and all claims, demands, liabilities, damages, or expenses arising from entry onto the property."
1173333681,price,"4839 La Vella Drive is a must-see property with no neighbors immediately in front or behind! Experience refined living in this beautifully upgraded, turnkey 3-bedroom, 3-bath home offering nearly 1600 square feet of thoughtfully designed space. Each bedroom offers the comfort and privacy of its own upgraded en suite bath including a highly sought-after downstairs bedroom. The remodeled kitchen includes beautiful cabinetry and counters accented by a contemporary backsplash. The kitchen also features a banquette perfect for casual meals, ample storage and adjacent full-size laundry room. Expansive family and dining areas accented with gleaming porcelain floors create an inviting setting for both elegant entertaining and everyday living. The warm fireplace in the family room serves as a charming focal point and overlooks the backyard. Retreat to the spacious primary suite, a private sanctuary designed for comfort and relaxation. The ensuite bath offers a spa-like experience with tasteful upgrades, creating a serene setting to unwind and recharge. Views and abundant natural light enhance the home's bright, open ambiance. Newer windows, fresh paint and a 2-car direct access garage complete this exceptional residence set within a desirable community (under $400/mo homeowners association) featuring resort-style amenities including a pool, spa, tennis courts and club house. Call your Realtor and schedule a showing today!"
1191038354,numeric,"Charming Traditional home in the Anaheim Colony Historic District, offering 2 bedrooms and 2 bathrooms on a 5269 square feet lot. The home has been thoughtfully updated while retaining its original character, with a new roof, fresh interior and exterior paint, beautifully refinished original oak hardwood floors, an updated kitchen, and refreshed bathrooms with new tile and fixtures. New bedroom lighting, ceiling fans and dual pane windows add to the improvements throughout the home. The spacious backyard offers room to enjoy and includes a detached bonus space that could serve as a home office, studio, or additional flex space. With the appropriate improvements, the space may also offer potential for future ADU use. New landscaping and a wrought iron gate complete the exterior updates. Located among the tree-lined streets and charming homes of Anaheim Colony, this walkable neighborhood puts you close to local shops, restaurants, parks, and Disneyland. Enjoy the character of an established Anaheim neighborhood while being just minutes from one of Southern California's most iconic destinations. A classic home with original details, a generous lot, and plenty of opportunity to make it your own."
1186874727,other,"Situated in a prime, quiet location within the community, this beautifully renovated residence pairs rare tranquility and privacy with effortless resort-style living. The open-concept living and dining areas are flooded with natural light and flow seamlessly to the private outdoor balcony, ideal for morning coffee or evening entertaining. Key interior enhancements include hardwood flooring throughout (only allowed in 1st floor units in the complex), energy-efficient windows, and fresh paint. The thoughtfully updated kitchen features custom cabinetry, quartz countertops, designer tiled walls, recessed dimmable lighting, and newer appliances, including a stainless steel refrigerator range, microwave and dishwasher. The luxuriously primary suite serves as a serene private retreat, highlighting an ensuite bathroom complete with a large vanity, spa-like shower and huge closet with built-ins. A secondary bedroom, ample storage and two dedicated parking spaces complete the unit, offering both style and everyday appeal. Beyond the front door, the community provides an exceptional lifestyle featuring two heated pools, a spa, sauna facilities, tennis, pickleball, and basketball courts, a fitness center, and a clubhouse with billiards. Residents also enjoy lush walking trails, a fire pit, a playground, and onsite security. Located just moments from the beach, coastal dining, award winning schools and the Marvin Braude Bike Trail, the home puts the best of Playa del Rey at your fingertips. With immediate access to Silicon Beach, Marina del Rey, Playa Vista, and LAX, plus the upcoming Lulu's Place campus planned nearby this residence offers an ideal blend of coastal charm and modern convenience."
1179947608,other,"Nestled in a nice area in Altadena, this beautifully maintained home offers a spacious, inviting layout designed for comfortable living and seamless entertaining. The expansive living room flows into a designated dining area, complemented by a versatile bonus space off the kitchen-ideal for an extended creative space or expanded dining area. The home features three generously sized bedrooms and two full bathrooms, including a primary suite complete with a walk-in closet. Enjoy the convenience of a dedicated indoor laundry space. Outside the private backyard serves as a peaceful retreat featuring a serene, partially covered patio and a meticulously manicured lawn. Conveniently located near the Freeway for an easy commute."
1179412290,numeric,"Welcome to this Charming, Sunny, and Bright, Cinderella-built home, filled with character and timeless appeal. Nestled in a wonderful, established neighborhood, this inviting 3-bedroom, 2-bath home with a sparkling pool, offers a comfortable floor plan and plenty of opportunities to make it your own. Hardwood flooring, newly painted through-out, new carpet in all bedrooms, newer pool decking, tile, and plaster. Very well maintained. Step inside to welcoming living room with unique partition to the separate family room with a cozy fireplace, perfect for relaxing or gathering with family and friends. The kitchen features a cheerful breakfast area and convenient breakfast bar, providing casual dining options for everyday living. An indoor laundry room adds extra convenience. Outside, enjoy wide lot with a large, fenced front yard and the possibility for RV parking. The backyard is designed for enjoying the Southern California lifestyle, featuring an inviting swimming pool, covered patio, mature fruit trees, and a dedicated dog run-an ideal setting for entertaining, relaxing, gardening, and enjoying sunny days at home. Conveniently located in a quiet, serene neighborhood, yet close to the Knollwood Country Club, shopping, dining, and transportation, this special property combines classic charm with desirable indoor and outdoor amenities. A wonderful opportunity to own a home with character, space, and endless potential in a terrific neighborhood!"
1180521914,numeric,"Welcome to 15760 Moorpark Ct. located in the desirable Campus Hills Estates community of Moorpark. It features 4 bedrooms, with one bed and one full bath conveniently located downstairs, 3 full bathrooms, family room with a cozy fire place plus a dream bonus room upstairs with a bar, built in refrigerator and wine cooler. Yes, it is the perfect man cave, game room or a bonus family and yes it also has a fire place. This is not a cookie cutter house. As soon as you enter you can feel right at home. Of course it has central AC and Heater, new flooring in the formal dinning room and a kitchen where cooking is the first step to creating new memories. All in 2731 sqf. of living space. This home places an exceptional collection of amenities and conveniences right outside your door. Enjoy the community resort- style pool and spa just a few steps from your front door, as well as the clubhouse, playground and sport court. All just across the street and available through a low cost homeowners association. Education and recreation are also close at hand. Moorpark College is walking distance, including its unique Teaching Zoo where public is welcome on weekends. Parks, playgrounds and outdoor recreation throughout Moorpark provide plenty of opportunities to enjoy the Southern California lifestyle. With convenient access to Collins Dr, University Dr., and Highway 118. Whether you are raising a family or simply want to enjoy the relaxed Moorpark lifestyle, Campus Hills offers an appealing combination of community amenities, recreation, education and convenience. Come experience why this is more than a home- it's a place to live well."
1155369764,numeric,"Exceptional opportunity in a prestigious gated golf course community with 24-hour security. This single-story residence offers 3 bedrooms, 2.5 baths, and a thoughtfully designed split floor plan that blends comfort, privacy, and versatility. The expansive primary suite is a true retreat, complete with a skylight that fills the space with natural light. On the opposite wing of the home, a generously sized bedroom with an en suite bath provides the perfect setting for guests, extended family, or a private second primary suite. Additional features include a 3-car garage, owned solar, and a beautifully low-maintenance backyard with a swim spa for year-round enjoyment. With timeless potential and an exceptional setting, this cosmetic fixer is a rare chance to create a refined custom home in one of the area's most desirable communities.Walk through https://my.matterport.com/show/?m=4mvtRyMWcr2&brand=0"
1152815426,other,"Executive Home in Prestigious Greer Ranch Welcome to this beautifully updated executive home located in the highly sought-after, guard-gated community of Greer Ranch-one of Southern California's most desirable neighborhoods. With 24-hour security and resort-style amenities, this community offers both luxury and peace of mind. This home features newer interior and exterior paint along with newer waterproof flooring throughout, creating a fresh and modern feel. The thoughtfully designed floor plan offers a spacious living room that seamlessly flows into a formal dining area-perfect for entertaining. The kitchen is well-appointed with granite countertops, a large center island, stainless steel appliances, and ample cabinetry. The first floor also includes a private office/den, a full bathroom, and a comfortable family room with a cozy fireplace. Upstairs, you'll find four generously sized bedrooms, a full bathroom, and a convenient upstairs laundry room. The expansive primary suite features a spacious en-suite bath and a large walk-in closet. Step outside to a large backyard showcasing stunning mountain and hillside views with no rear neighbors, offering exceptional privacy. Greer Ranch residents enjoy resort-style amenities including a pool, spa, clubhouse, parks, BBQ areas, walking trails, and regular community events. Conveniently located near the I-15 and I-215 freeways, top-rated schools, shopping, medical facilities, Old Town Murrieta, Temecula, and award-winning Temecula wineries."
1155185698,numeric,"PHASE 2 HOME NOW AVAILABLE - MASSIVE BUYER INCENTIVES! (Brokers Welcome) Welcome to Olea at Miralon, where timeless Mid-Century Modern design meets the ultimate modern desert lifestyle. This is your opportunity to secure a home in Palm Springs' premier master-planned community-complete with a massive buyer incentive! The Home: Sophisticated Desert Luxury Spanning two brilliantly designed stories, this 3-bedroom + office, 3.5-bathroom masterpiece offers the perfect layout for both daily relaxation and effortless entertaining. The luxurious primary suite features a spacious walk-in shower, massive walk-in closet and sleek floating cabinetry. Gourmet Kitchen: Cook and entertain in style with a premium Cafe Stainless Steel appliance package, seamless white thermofoil cabinetry, and sleek chrome finishes. Smart Home Equipped: Control your environment with ease via the integrated Amazon Echo Hub Touchscreen Control Panel. Your Personal Canvas: This home is ready for your personal touch! You get to custom-design the final finishes, including countertops, tilework, flooring, and landscaping. Outdoor Oasis Step into your private paradise that includes: A sparkling 20' x 12' pool and spa, beautifully finished with premium Pebble Tec and custom waterline tile. An attached 2-car garage with plenty of storage. The Miralon Lifestyle Miralon isn't just a place to live; it's a resort experience spread across 97 acres of open space. As a resident, you'll enjoy: 7 miles of walking trails winding through thousands of majestic olive trees. 3 dedicated dog parks for your furry family members. A state-of-the-art Amenity Center featuring a world-class fitness facility, dedicated Wi-Fi workspaces, a full-service bar, and a chef's demonstration kitchen. A resort-style community pool, spa, and private clubhouse. Schedule your private tour today and claim your massive buyer incentive before it's gone!"
1189610854,numeric,"Welcome to 12550 Shropshire Ln, offering 2761 square feet of comfortable living space with 5 spacious bedrooms and 3 full bathrooms. Thoughtfully designed for both everyday living. This home features soaring vaulted ceilings that create an open, airy feel throughout the main living areas and continue into the spacious primary suite. A highly desirable first-floor bedroom and full bathroom provide the perfect setup for guests, multi-generational living, or a home office. Additional features include central HVAC, an included washer and dryer, EV charger, usable attic storage, a 2-car garage, and two additional driveway parking spaces. The low-maintenance backyard offers an ideal space to relax or entertain without the upkeep. Residents enjoy access to the renowned Rancho Bernardo Swim and Tennis Club, featuring pools, tennis courts, fitness amenities, and year-round community activities. Conveniently located just 1 mile from Interstate 15, the home offers easy commuting while remaining close to shopping, dining, parks, and everyday conveniences. Families will appreciate its location near highly regarded schools including Chaparral Elementary School, Bernardo Heights Middle School, and Rancho Bernardo High School, making this an exceptional opportunity in one of Rancho Bernardo's most sought-after neighborhoods."
1182497231,other,"Beautiful Ranch in Coachella. 1.84 acres lot.The house is a manufacture home in excellent shape and a detached 2 car garage. Plenty od driveway parking and privately gated. According to the city you can/t have horses, cows or goats."
1177031312,other,"Experience breathtaking lakefront living in this stunning ground-level corner-unit condo with panoramic views of Lake Mission Viejo and the Saddleback Mountains. Nearly every room captures picturesque lake views, making this exceptional home a true rarity. Perfectly positioned on one of the most desirable streets within the prestigious guard-gated community of Mallorca, this private residence offers an expansive backyard and unmatched privacy, features seldom found in the community. This turnkey home has been thoughtfully updated with a remodeled kitchen and bathrooms, newer windows and a slider door, window coverings throughout, a newer heater, laminate plank flooring, and complete plumbing repiping for added peace of mind. As you step inside, you're immediately welcomed by abundant natural light and captivating lake views. The spacious living-dining room combo provides the perfect setting for relaxing or entertaining while enjoying the spectacular scenery. The beautifully updated kitchen features granite countertops, quality cabinetry with a wall pantry and large custom pull-out drawers, and its own tranquil lake view. The primary suite is a peaceful retreat, complete with dual sinks, a generous vanity, custom blackout window coverings, and stunning lake views to greet you each morning. A spacious secondary bedroom is conveniently located adjacent to the updated hall full bathroom. Step outside to your private, beautifully landscaped patio and backyard overlooking Lake Mission Viejo. Whether you're enjoying your morning coffee, entertaining guests, or simply unwinding at the end of the day, the panoramic views and peaceful setting create an unforgettable outdoor living experience. Custom roller shades out on the patio provide extra privacy. A detached two-car garage visible from the front door, a rare and highly desirable feature. The wide street with sidewalks also provides ample guest parking nearby. Enjoy the resort-style lifestyle Mallorca is known for, featuring a private beach, two pools and spas, boat docks and slips with electric outlets (subject to availability and additional fee), and a 24-hour guard-gated entrance. As a Lake Mission Viejo member, you'll enjoy year-round recreation including boating, sailing, kayaking, paddleboarding, swimming, fishing, summer concerts, holiday fireworks, and an exciting calendar of community events. This is an extraordinary opportunity to own one of Mallorca's most desirable lake-view homes!"
1190954816,numeric,"Welcome to Rancho La Paz, a beautifully maintained gated community in the highly sought-after Deepwell neighborhood of South Palm Springs. NOT LEASED LAND! Ideally located, this end-unit, one level, no one above, condominium is within walking distance of Smoketree Shopping Center, Elmer's Restaurant, and Koffi, and just a five-minute drive from the vibrant shops, restaurants, and entertainment of downtown Palm Springs. Offering 1659 square feet of thoughtfully designed living space, this spacious three-bedroom, two-bath Condo features soaring ceilings, clerestory windows that fill the interior with natural light, and an open-concept living and dining area that's perfect for relaxing or entertaining. The primary suite is thoughtfully separated from the two guest bedrooms, creating a peaceful and private retreat. The main living areas feature easy-care tile flooring, while the bedrooms are comfortably carpeted. Soft white walls and freshly painted kitchen cabinetry create a bright, neutral palette that complements any design style-from iconic Mid-Century Modern to contemporary or traditional. This is truly a blank canvas, ready for its next owner to add their personal touch and make it shine. Step outside to your expansive patio, where beautiful mountain views provide the perfect backdrop for morning coffee, afternoon lounging, or evening BBQs with family and friends. NEW HVAC installed just 5 years ago! There is also a Kitchen Water Filtration System also connected to the Refrigerator. Residents of Rancho La Paz enjoy resort-style amenities including three sparkling pools, three spas, tennis and pickleball courts, a dog park, EV Charging Station, and beautifully landscaped grounds. The homeowners association also permits 30-day minimum rentals, making this property an excellent choice as a full-time residence, seasonal getaway, or income-producing investment. Whether you're searching for a stylish desert retreat, a vacation home, or an investment opportunity in one of Palm Springs' most desirable neighborhoods, this home offers the ideal combination of location, lifestyle, and value."
1176763574,numeric,"An exceptional penthouse defined by its views. Set within one of Bankers Hill's most distinguished residential buildings, this two-story Park Laurel residence captures sweeping views of San Diego Bay, Pacific Ocean, downtown skyline, and distant horizons. Spanning approximately 4715 square feet, the home offers four bedrooms, four and one-half baths, expansive entertaining spaces, remarkable outdoor terraces, and a dramatic sense of scale. A 45-foot wraparound terrace extends the main level toward the skyline, bay, and ocean. An upper-level terrace, accessed from the primary suite and loft, offers the same elevated outlook above the city. Walls of glass, gracious proportions, and an open second-level loft overlooking the main living areas enhance the home's impressive architectural volume. Two fireplaces, a sculptural spiral staircase, a private foyer, and interior elevator create a refined living experience. Additional highlights include three gated garage parking spaces and two storage areas. Residents enjoy Park Laurel's 24-hour concierge front desk services, pool, spa, fitness center, and a premier location next to Balboa Park, with The Old Globe, museums, renowned restaurants, cafes, Little Italy, downtown, and the waterfront all within walking distance. This residence embodies a rare combination of luxury, convenience, and iconic San Diego living."
1183019069,numeric,"Experience modern Pasadena urban living in this updated 2-bedroom, 2.5-bath townhome, ideally located near Caltech, Pasadena City College and only minutes away from South Lake and Old Pasadena. shopping and dining. Step inside to an open and inviting floor plan featuring a spacious living area with fireplace, an adjoining dining area with a dry bar perfect for entertaining, and a breakfast bar that flows seamlessly into the kitchen. The stylish kitchen offers stainless steel appliances, quartz countertops, a generous pantry, a laundry closet, and a charming garden window overlooking the private garden and patio.Upstairs, a light-filled staircase leads to two ensuite bedrooms, each with spacious bathrooms and walk-in closets. Additional highlights include laminate flooring, plantation shutters, skylights, recessed lighting and direct access to the underground side-by-side parking spaces with storage.With its modern design, functional layout, private outdoor space, and prime Pasadena location, this townhome offers comfort, convenience, and effortless city living."
1182882361,numeric,"Expertly curated by seasoned entertainment and design industry professionals, this stunning 2-bedroom, 2-bath home in highly desirable Moonridge has been transformed into a high-performing short-term rental with 90+ five-star Airbnb reviews. Set on a generous lot with ample parking and breathtaking, unobstructed ski-slope views, the home features an open-concept upstairs living space with a wood-burning fireplace. A 80"" projector screen, and upgraded kitchen with Jenn-Air appliances, sleek new refrigerator, and built-in water filtration are just a few of its attributes. Downstairs also offers a laundry/mudroom, and a boat-load of storage. This beautifully designed abode sleeps 8 comfortably. Oversized windows fill the home with natural light and frame panoramic mountain vistas. The upper deck is ideal for entertaining, complete with gas BBQ, fire pit, and stylish lounge and dining areas. The lower deck features a private six-person hot tub with stunning views. Recent upgrades include central heating and air conditioning, water heater, Nest thermostat, and dryer. Meticulously maintained and consistently booked-often by celebrity and repeat guests-this luxury retreat stands out in a highly competitive STR market. Seller open to negotiating sale of furnishings, supplies, marketing assets, and transition support, offering a rare turnkey investment in a high-barrier-to-entry location."
1172903720,numeric,"PRICE TO SALE! Rare Opportunity in Prestigious Guard-Gated Stoneridge Community. Welcome to this stunning 6-bedroom, 4-bathroom home located in the highly sought-after 24-hour guard-gated Stoneridge community of Mission Viejo. Offering exceptional curb appeal, the property features drought-tolerant landscaping, elegant stone accents, and a beautiful stone driveway. The popular open-concept floor plan showcases a grand formal living room with soaring two-story ceilings, abundant natural light, rich hardwood flooring, and plantation shutters throughout. A cozy fireplace enhances the home's inviting atmosphere. Elegant archways lead to the formal dining room. The gourmet kitchen is designed for both everyday living and entertaining, featuring granite countertops, stainless steel appliances, abundant cabinetry, a spacious walk-in pantry, and a large center island. The adjoining family room offers a fireplace, built-in media niche, casual dining nook, and lovely views of the backyard. Ideal for multigenerational living, this versatile floor plan includes two bedrooms and 2 full bathrooms on the main level, along with four additional bedrooms upstairs. The second floor features a luxurious primary suite with a spa-inspired bathroom, dual vanities, soaking tub, oversized shower, and a huge walk-in closet with custom built-ins. Additional highlights include a spacious loft, convenient upstairs laundry room, and a spectacular retreat area with a massive deck offering views of Lake Mission Viejo. The deck is accessible from all four upstairs bedrooms, creating seamless indoor-outdoor living. The professionally designed backyard is perfect for entertaining, complete with a built-in BBQ and beautifully landscaped grounds with low maintenance. Residents will appreciate the nearby scenic walking trails and Neighborhood Park just steps away. Additional benefits include low homeowners association dues, no Mello-Roos, and exclusive membership to Lake Mission Viejo, where residents enjoy private beaches, paddle boarding, boating, fishing docks, picnic areas, BBQ facilities, playgrounds, clubhouse and year-round community events. Conveniently located near premier shopping, award-winning schools, sports parks, golf courses, dining, and major transportation corridors including Interstate 5 and the 241 Toll Road. Don't miss a truly remarkable property that combines luxury, comfort, and an unmatched lifestyle in one of Mission Viejo's most desirable communities."
1188766919,other,"TURNKEY, backyard entertainer's paradise, with a rare level of privacy that is hard to find in a suburban community. No swimsuits required. Tucked in a lovely tree-lined cul-de-sac.NO homeowners association and paid solar, this luxury residence offers flexibility, function, and true indoor-outdoor living. Two mature birch trees frame the approach, leading to custom estate doors intentionally left in a natural finish-ready for the next owner's personal touch.The backyard is designed for gathering and PERFECT FOR ENTERTAINING. Lush landscaping creates privacy around a PebbleTec beach-entry pool with a built-in slide concealed beside a rock waterfall. A half-moon stone bar and fully equipped outdoor kitchen set the stage for memorable evenings, while owner-owned solar supports both the home and pool for efficient year-round enjoyment.Inside, the aesthetic blends clean contemporary lines with warm transitional elements, creating an OPEN-CONCEPT LAYOUT that adapts easily to different styles. ABUNDANT NATURAL LIGHT fills the spaces and BEAUTIFUL TREE VIEWS FROM EVERY WINDOW enhance the serene setting, while smart-home features include remote-controlled blinds and LED lighting, a concealed charging station, concealed towel holder, 2 new sinks, a touchless kitchen faucet, floating shelves, etc. Off to the left is a ground-floor in-law suite complete with its own bathroom.The newly renovated kitchen is MOVE-IN READY and built for serious cooking, featuring brand-new appliances, an Italian Forno brass-burner range, wine cooler, beverage center, CUSTOM BUILT-IN CABINETRY, and generous prep space for more than one cook at a time. Additional upgrades include a Toto bidet toilet and a whole-house water softener system, and whole house attic fan. A discreetly integrated home theater can disappear when not in use, preserving the comfort of the main living area. A dedicated gym provides space for training at home and can easily function as an additional bedroom or office. The house has been meticulously cared for, providing peace of mind for new owners. Located in a FRIENDLY NEIGHBORHOOD, a walkable neighborhood. Walk to Main Street and enjoy fine dining or breakfast or a brand new theater. Saturday morning farmers market! This house is designed for convenience and comfort. Pictures do not capture its warmth and beauty.Santa Clarita consistently ranks as one of the safest cities in California, often making the FBI's list of the safest cities in the state. The overall crime rate is significantly lower than the national average, with property crime being the most common concern. In 2022, the city reported a violent crime rate of roughly 200 incidents per 100000 residents-well below the national average of 400. The Santa Clarita Valley Sheriff's Station actively engages with the community, contributing to the city's reputation for safety and security."
1176761593,numeric,"Price Improved! Located in the heart of prestigious Old Palo Alto, this exceptional property offers a rare opportunity to remodel, expand, or create the custom home of your dreams in one of Silicon Valley's most sought-after neighborhoods. Set on an expansive 10000 square feet. lot, the existing residence features 5 bedrooms, 3.5 baths, and approximately 2831 square feet. of living space, providing a solid foundation for renovation or reimagination. The deep lot is a standout feature, offering extraordinary potential for a spectacular backyard retreat with ample room for outdoor entertaining, a pool, gardens, or play areas. Surrounded by tree-lined streets and distinguished homes, this premier location combines timeless neighborhood charm with close proximity to top-rated schools, parks, Stanford University, and the vibrant amenities of downtown Palo Alto. An exceptional opportunity to create a legacy property in one of the Peninsula's most desirable communities. Buyers to confirm schools."
1190694727,numeric,"Nestled in the charming community of Lakeside, this beautifully renovated 2-bedroom, 1-bathroom home offers modern living in a peaceful suburban setting. The 754-square-foot residence sits on a spacious, just-over-quarter-acre lot, providing ample room for outdoor activities, gardening, entertaining, or future expansion. Inside, bright and inviting open-concept living spaces showcase modern finishes and a welcoming atmosphere. All appliances convey with the sale, offering added convenience for the next homeowner. Step outside to discover a large backyard filled with possibilities. The spacious outdoor area features mature fruit trees, plenty of room for gardening, entertaining, play areas, or creating your own private outdoor oasis. A chicken coop is also included, adding a unique touch for those interested in raising chickens or embracing a more self-sufficient lifestyle. Ideally located near some of Lakeside's favorite outdoor destinations, including Lake Jennings, an 85-acre reservoir popular for fishing and boating, and Lindo Lake County Park, featuring a scenic lake, sports facilities, and picnic areas. The home is also conveniently located near local schools, shopping, dining, entertainment, and major roads and highways, with easy access to the area's many hiking and recreational opportunities. Whether you're a first-time homebuyer, a small family, or looking for a peaceful retreat with a generous lot and convenient amenities, this fully renovated Lakeside home is a wonderful opportunity to make it your own!"
1177088607,other,"Live above one of the most famous intersections in the world on Hollywood and Vine. Step into a beautifully decorated loft in a prestigious full service building. High up to the 9th floor, marvel at incredible views of The Hollywood sign and the Capital Records building. This open space loft welcomes you with high ceilings, tall windows and radiant natural light. Chef's kitchen has Viking appliances and modern finishes. Just a few steps from the ""W"" Hotel, the brand new Equinox Hollywood flagship, Starbucks, Trader Joes, and the Metro station with quick access to Downtown as well as the major studios. Watch the sunset from your terrace or linger on the intimate rooftop lounge showcasing panoramic views before heading out to enjoy the best of LA. Includes 1 valet parking spot, washer & dryer in unit, 24-hour concierge."
1178539165,numeric,"Offering 3368 square feet of flexible living space, this 2016 Pulte home features five bedrooms, 3.5 bathrooms, a large bonus room, and dedicated office space within a peaceful gated community. Set on one of the largest and most private lots in the neighborhood, the home's south-facing backyard provides an ideal setting for its private PebbleTec pool/spa, with added sunlight, privacy, and room to entertain. The versatile floor plan also includes a main-level ensuite ideal for guests or multi-generational living. Fresh laminate flooring, updated fixtures, and modern finishes create a clean, move-in-ready feel. The kitchen offers quartz countertops, stainless steel appliances, a five-burner gas range, a large island, walk-in pantry, butler's pantry, and rollout cabinetry. Waterfalls, LED lighting, a natural gas heater, auto-fill, and remote pool controls enhance the outdoor experience, while Tesla solar panels, a tankless water heater, fiber-optic internet, generous walk-in closets, and a tandem garage add everyday comfort and efficiency."
1176338316,numeric,"Unbelievable Opportunity on 18.56 acres! Endless possibilities await with this exceptional 18.56-acre property offering space, versatility, and incredible investment potential. The charming 1609-square-foot home, built in 1961, features four bedrooms, two bathrooms, a spacious living room, a cozy family room with a fireplace, and a screened-in porch-perfect for relaxing and enjoying the peaceful surroundings. With a 2 car attached garage. Also located on the property is an impressive 6000-square-foot commercial-style shop complete with five private offices, a reception area, and a bathroom. The property includes 10 parking spaces, including one ADA-compliant space, making it ideal for a variety of business or commercial uses. Additional improvements include three septic systems and two outbuildings, providing even more flexibility for future use. There are two alarm systems, one on home and one on Building. SELLER MIGHT BREAK UP INTO 3, 5 acres PARCELS AND 1 PARCEL WITH HOME AND WAREHOUSE 3.6 acres Currently zoned RA (Rural Agricultural), this property offers outstanding potential for farming, equestrian use, livestock, or creating your own private ranch. With future development, the land may also present exciting opportunities for residential expansion or a planned neighborhood, subject to county approval. Sewer is about 1200 ft. from property. Whether you're looking for a working ranch, a business headquarters, an agricultural investment, or a property with exceptional development potential, this one-of-a-kind estate is ready to bring your vision to life. Some photos have been AI enhanced, Buyer to do their own due diligence about information of this property, going to the county, looking up permits etc!"
1176593628,numeric,"Located in the desirable gated community of The Hawthornes in Rancho Cucamonga, this beautifully remodeled 4-bedroom, 3-bathroom home offers approximately 3031 square feet. of living space and the perfect blend of privacy, comfort, and modern luxury. Thoughtfully updated from top to bottom, the home features all-new plumbing, all-new electrical, a new AC unit, a new water heater, new low-energy windows, and fresh Sherwin-Williams interior paint throughout. Step inside to find elegant 12mm waterproof carbon core laminate flooring with aluminum-infused padding, beautiful chandeliers, a stylish electric fireplace wall, and TV wall-mount hookups in every room. The upgraded kitchen combines style and function with premium appliances, a stone kitchen sink, a wall-mounted pot filler faucet, and modern finishes ideal for everyday living. The spacious primary suite offers a relaxing retreat with dual walk-in closets and a beautiful stone bathtub, while the bathrooms feature sleek tile showers and upscale finishes. Additional highlights include a 3-car garage and an EV charger, making this home stylish, comfortable, and truly move-in ready."
1177093348,numeric,"The property offers a total of 5 bedrooms and 3 full bathrooms between the main house and the permitted ADU, providing exceptional flexibility for owner-occupancy, multigenerational living, or rental income. This is a rare opportunity to own a property with two legally permitted residential units, ideal for investors or first-time homebuyers. The two units are easily connected, making them perfect for two families to live together while enjoying separate kitchens, privacy, and the flexibility to share the space when desired. Main House (16145-1) Approximately 1414 square feet., featuring 3 bedrooms and 2 bathrooms. The spacious living room boasts vaulted ceilings, creating a bright, open, and welcoming atmosphere. The electrical panel was upgraded in 2023, and in 2026, the home received additional updates, including new flooring throughout, a fully remodeled kitchen, and brand-new kitchen appliances. These modern improvements blend seamlessly with the home's timeless charm, offering both comfort and style. Permitted ADU (16145-2) A valuable addition to the property, the legally permitted ADU features 2 bedrooms, 1 full bathroom, and a convenient indoor laundry area. It also has its own private side entrance, providing excellent privacy and independence. The spacious side yard and backyard offer endless possibilities for outdoor living. Conveniently located within walking distance of Fontana Central City Park, and just minutes from shopping centers, local schools, and major freeways(I-210 and I-10), this home offers both everyday convenience and excellent accessibility."
1176320321,other,"Experience coastal living at its finest in this spacious, updated second-floor condo offering ocean views just moments from the vibrant shops, restaurants, and nightlife of trendy 2nd Street. The open-concept floor plan is designed for comfortable everyday living and effortless entertaining, featuring a bright and airy living room with oversized windows that flood the space with natural light and open to a large private balcony overlooking the water. The beautifully updated kitchen is the heart of the home, complete with stainless steel appliances, an oversized center island, and abundant counter space for gathering with family and friends. The generously sized bedroom provides a peaceful retreat, while the remodeled bathroom features a luxurious walk-in shower and a separate soaking tub. Additional highlights include in-unit laundry, recessed lighting, stylish flooring, and custom built-ins that add both character and functionality. This secure, well-maintained building offers keypad entry, a welcoming lobby, elevator access, an inviting courtyard with a community BBQ area, and a designated secure parking space. Ideally located with an exceptional walkability score, you're just minutes from the beach, Belmont Pier, boutique shopping, acclaimed restaurants, and all the coastal charm that makes this neighborhood one of Long Beach's most sought-after destinations."
1174228496,numeric,"Remarkable 22.9 acres of varied terrain from level to gently sloping to steep and featuring PRIVACY, panoramic views of the surrounding mountains and pastoral valley. The meandering road is by prescriptive right for property does not have legal deeded access required by lenders. Thus this property is priced well below market in consideration that buyer must pay cash or owner MAY carry the first trust deed and note. The 1992 built home is well maintained and enhanced by 2 bedrooms, two baths with a great room for entertaining and kitchen( refrigerator is tenant's). You will appreciate the attached 2 car garage, quoenset hut/workshop, detached storage/studio and land for your garden, raising of animals and your desert toys. Shown by appointment only for tenant occupied."
1190030012,price,"UNDER $1000000 IN THE HEART OF RANCHO DEL REY. NO MELLO ROOS. UPSTAIRS BONUS LOFT. VAULTED CEILINGS. RENOVATED TOP TO BOTTOM. 5 BEDROOMS. QUIET CUL-DE-SAC. BRING ALL OFFERS. Right in the heart of Rancho Del Rey. This 5 bedroom, 2.5 bathroom home on a quiet cul-de-sac with 2294 square feet, an open concept layout, vaulted ceilings, a loft and bonus room, multiple oversized balconies and patios, a private backyard with covered patio, and an attached 2 car garage. To top it off, NO added Mello Roos. NEW roof. NEW kitchen, gutted and rebuilt with white Shaker cabinets, quartz counters, undermount sink, and stainless appliances. NEW bathrooms with white vanities, quartz counters, toilets, and glazed shower stalls. NEW flooring throughout with new baseboards, stair trim, and transitions. NEW interior doors, frames, trim, and closet doors. NEW interior and exterior paint. NEW recessed lighting throughout. NEW dual pane windows throughout. NEW 8 foot and 6 foot sliding patio doors with tempered glass. NEW front balcony deck. REBUILT rear staircase and handrails. NEW main water line. Association includes access to playground, pool, and parks. Walkable to Rancho Del Rey parks and trails, minutes to Otay Ranch Town Center, top rated schools, dining, and quick 805 access."
1169370106,numeric,"Exceptional opportunity on 1.85 acres of prime Oak Hills real estate! This impressive 3070 square feet home showcases a grand foyer entry, four spacious bedrooms, and 2.5 bathrooms-perfect for families or those seeking extra space. Resort-style in-ground pool, detached garage, and dedicated RV/boat parking make this property ideal for outdoor enthusiasts. Fully fenced private grounds provide security and seclusion with flat, usable acreage offering tremendous potential for recreation and expansion. The bonus room features a full kitchen, full bathroom, laundry area, and multiple rooms with significant development potential as a guest house, pool house with potential. Additional den area and multiple living spaces maximize functionality throughout the property. This rare find combines residential comfort with recreational amenities and investment potential, perfect for buyers wanting space, flexibility, and room to build equity. Excellent bones and thoughtful floor plan ideal for owner-occupants or investors seeking value-add opportunities."
1178747931,numeric,"The final Terrace Estate Duplex at The Sun Rose Residences, Residence 607 offers a rare dual-level, fully-serviced residence in the heart of WeHo. Designed by EYRC Architects with interiors by Martin Brudnizki, this 4 bedroom, 3.5 bathroom home spans 4435 interior SF with direct elevator access on both levels and 647 exterior SF across two private terraces, one with a spa. The great room features floor-to-ceiling glass, sweeping LA views and a chef's kitchen with an oversized Calacatta Borghini marble island and Sub-Zero and Wolf appliances. The primary suite features a Poliform walk-in closet and spa-inspired marble bath. Owners enjoy personalized residential services, including a dedicated concierge and 24-hour in-residence dining, plus privileged access to The Sun Rose Hotel's dining, wellness and live music, combining the privacy of home with a fully-serviced lifestyle above the Sunset Strip."
1191031118,numeric,"Just one home from Campanilla's open hillside and community recreation area, this spacious residence offers approximately 2159 square feet, three bedrooms, a generous loft and an easy connection between indoor and outdoor living. The main level flows naturally between the kitchen, dining and living areas, creating an inviting setting for everyday life and gathering. The kitchen features granite countertops, a large center island, ample cabinetry and abundant workspace, while a fireplace anchors the adjacent living area. High-end wood-look tile flooring, plantation shutters, recessed lighting and updated interior details give the home a clean, cohesive feel. Direct access from the main living space leads to a landscaped backyard that extends the home outdoors. Artificial turf, mature plantings, hardscape and a covered patio create distinct areas for dining, entertaining and relaxing. Upstairs, the expansive loft offers flexible space for a media room, home office, playroom or additional lounge. The primary suite includes a walk-in closet and an en suite bath with dual sinks, a soaking tub and a separate walk-in shower. Two additional bedrooms, a full bath and a dedicated laundry room complete the second level. Practical upgrades add ease to everyday living, including Lutron Caseta smart switches throughout the main level, a hardwired Tesla charger in the garage and a new tankless water heater installed in 2026. Campanilla is a gated community with a neighborhood park, playground, basketball and sport court, sand volleyball court and picnic areas, all framed by the surrounding hills. Downtown San Juan Capistrano, San Juan Hills Golf Club, local trails, shopping and dining are nearby, with Dana Point and the coast just beyond."
1183143155,price,"SOLAR FULLY PREPAID BY SELLER PRIOR TO CLOSE - NO MONTHLY PAYMENT FOR BUYER, A NEARLY $50000 VALUE. Pull up to nearly half an acre of mature, established landscaping, right across the street from the park, space that's hard to find and gives you room to dream, whether that's a future pool, a garden, or just breathing room, with parkside access as your backyard extension. Step inside to a marble-tiled entry that opens into a spacious living room with crown molding and laminate floors. From there it flows into a family room built around a gas fireplace, connecting straight into an updated kitchen with stone counters, a glass-tile backsplash, and newer tile flooring. A wood-floored dining area sits just off the kitchen, ready for everything from weeknight dinners to holidays with the whole family. The primary suite offers a real retreat, with a large walk-in closet and an updated bath featuring a jetted tub. Fresh carpet runs through the remaining bedrooms for a move-in-ready feel. Then there's the bonus: a large private office or flex room with its own entrance and bath, ideal for a home business, in-law setup, or guests who want their own space. Add solar with no monthly payment into the mix, and you've got space, style, and efficiency all in one place, right across from the park."
1179232946,price,"This high-quality detached residence stands in a distinctly higher category than typical homes in the area, offering 7 bedrooms and 5 bathrooms with approximately 4100 square feet of interior living space-rare in both scale and functionality. The home features a main-floor en-suite bedroom, ideal for multi-generational living or hosting guests. Over $130000 in upgrades have been invested throughout the property, significantly enhancing functionality, comfort, and overall quality. Interior appointments include luxury vinyl plank flooring, upgraded cabinetry throughout the home, and pull-out storage drawers in the kitchen cabinets. The kitchen is equipped with built-in professional-grade appliances, and the refrigerator is included in the sale. Additional recessed lighting has been added in multiple areas to enhance brightness and ambiance. Bathrooms and the laundry room are finished with marble flooring, while the primary bathroom features a full quartz shower and Carrara marble-style quartz countertops, offering a refined and durable finish. The home is equipped with a comprehensive smart home system, including smart light switches, smart thermostats, and a smart doorbell. Additional upgrades include a whole-house central vacuum system, Cat5e network wiring, and fiber internet capability with up to 1 Gbps upload and 1 Gbps download speeds, supporting fast and secure modern connectivity. A built-in media niche and pre-wiring for a surround sound system further enhance the living experience. Outdoor features include a California-style patio pre-wired for ceiling fans and a fully landscaped rear yard, ideal for everyday enjoyment and entertaining. A 12-foot sliding glass door creates a seamless indoor-outdoor connection. The front yard is designed with low-maintenance artificial turf, reducing ongoing upkeep. The garage is equipped with a 220-volt electrical outlet, ready to support electric vehicle charging. The north-facing orientation provides balanced natural light throughout the day and offers a clear advantage over east-west facing homes in terms of sunlight consistency and interior comfort. Well maintained and comprehensively upgraded, this home is ideal for buyers seeking space, quality, and long-term value. A rare opportunity to acquire a large-scale, highly upgraded residence in Jurupa Valley."
1190158603,numeric,"RICHMOND TWENTY THIRD | A Modern Reimagining of Westside Living. Fully Renovated & Expanded Residence | 4 Bedrooms with Flexible Office/5th Bedroom | 4 Bathrooms | 3135 +/- Living Sq Ft | Skylights | Modern Flooring | Sub-Zero Refrigerator | Wolf & Bosch Appliances | Primary Ensuite | Expansive Terraced Balcony | Media Room with Kitchenette | Landscaped Backyard & Deck | Central Heating | Attached Garage with Interior Access | Prewired for Audio/Video/Network | Additional Storage | Steps to Golden Gate Park | Skylights illuminate the main level, where generous living and dining spaces flow into a chefs kitchen appointed with Sub-Zero, Wolf & Bosch appliances. The primary ensuite opens to an expansive terraced balcony, while an additional bedroom and flexible office/5th bedroom complete the level. Downstairs, two additional bedrooms and a media room with kitchenette extend directly to the landscaped backyard and deck, creating an effortless connection between indoors and out. An attached garage, integrated technology, and additional storage complete the home. Moments from Clement Street, Lands End, Lincoln Park, Ocean Beach, and Balboa Street, RICHMOND TWENTY THIRD offers a distinctly modern interpretation of life on San Franciscos westside."
1159158816,other,"Attention please! The another 'Huge' price reduction! Located at the very top of La Quinta Cove, this delightful two-bedroom, two-bath residence is surrounded by dramatic mountain views and just steps from premier hiking trails. Set on an expansive 10000+ sq. ft. lot, the property offers exceptional potential-ample room for a private pool, spa, or custom garage.Recently remodeled, the home showcases thoughtful upgrades throughout, including a new HVAC system, plumbing, electrical, insulation, dual-pane windows, and flooring. Every detail has been carefully considered, creating a comfortable and stylish living environment that blends modern updates with the natural beauty of its surroundings.With its oversized lot, serene setting, and extensive improvements, this is an ideal opportunity to enjoy desert living at its finest."
1159443803,numeric,"Set behind gates on approximately 1.5 acres along Point Dume's most coveted street, this estate is a private compound of uncommon scale, craftsmanship, and discretion, complete with coveted Riviera I beach rights to Little Dume. Originally built with enduring quality and thoughtfully reimagined by Amber Lewis, the residence blends timeless stone architecture with warm, modern interiors. Arched openings, natural materials, and curated lighting create a quiet sophistication throughout, while expansive living spaces open seamlessly to covered terraces designed for year-round indoor-outdoor living. The four bedroom main home is both elevated and highly livable. A formal dining room with fireplace, multiple gathering areas, and a richly detailed wood-paneled library each offer their own sense of place, intimate yet connected. At the center, a chef's kitchen anchors the home with a substantial island, wood-fired pizza oven, and top-tier appliances, designed equally for everyday living and entertaining at scale. The grounds define the experience. A long linear pool stretches across manicured lawns, framed by mature landscaping and a fully realized fruit orchard. Outdoor living unfolds in layers, shaded lounge areas, a vine-covered dining pergola, and a sequence of garden spaces that feel curated yet completely natural. A collection of separate structures elevates the estate into a true compound. The guest house, just completed after a two-year renovation, is a private two-bedroom residence wrapped in custom lava stone exterior walls giving it the presence of a standalone architectural structure. It includes its own living area, kitchenette, and bath, offering complete independence. A detached pavilion serves as a gym, studio, or creative workspace, opening to a wellness area with sauna and cold plunge. Additional features include a dedicated kitchen garden with raised beds and outdoor prep area, along with supporting spaces designed for both entertaining and daily living. Set on expansive, fully usable grounds with complete privacy, this is not a trend-driven renovation. It is a home built to last, offering a rare combination of substance, setting, and lifestyle on one of Malibu's most important streets."
1190584528,numeric,"Welcome to 861 Cherry Creek Circle, a beautifully updated ground-floor 2-bedroom, 2-bath home offering 1058 square feet in a convenient San Jose location. The bright interior features luxury vinyl plank flooring, recessed lighting, double-pane windows, custom cellular shades, central heating and cooling, and a Nest thermostat. The living and dining areas open to a spacious private backyard and patio, ideal for relaxing, entertaining, or outdoor dining. The updated kitchen features soft-close shaker cabinetry, quartz countertops and backsplash, a deep stainless steel sink, GE Profile induction range, and Bosch dishwasher. Both bedrooms offer walk-in closets with organizers and oversized windows. The primary bath features a modern vanity and subway-tiled shower, while the hall bath offers a shower-over-tub. Additional conveniences include in-unit large washer and dryer, water softener, and a 1-car garage. Ideally located near Downtown Willow Glen, Downtown Campbell, Santana Row, Valley Fair, The Pruneyard, and San Pedro Square, with convenient access to major highways and Silicon Valley employers including NVIDIA, Apple, Netflix, and eBay. Enjoy an updated, move-in-ready home with private outdoor space in the heart of Silicon Valley."
1179194997,numeric,"Located in Salinas, this 932 square feet home offers two bedrooms on the ground floor, including a walk-in closet. The full bathroom features tile flooring and a shower over tub. The kitchen is equipped with Formica countertops and a gas oven range. Flooring throughout includes carpet, laminate, and vinyl/linoleum. Heating is provided by central forced air, and two fireplaces with gas log and gas starter add warmth to the space. There is no cooling or laundry area in the home. The dining area provides a dedicated space for meals. The property is part of the Santa Rita Union Elementary School District. While there is no garage, community amenities include a heated pool, lap pool, and a pool/spa combo. The lot size is approximately 1120 square feet."
1189626913,numeric,"Welcome to 725 Kingbird Loop in beautiful Oceanside. This home offers 3 bedrooms plus a loft. Beautifull Quartz countertops, with a large island and custom backsplash, stainless steel appliances, and luxury vinyl plank flooring throughout. Location, Location, Location; this homesite has wonderful views of open space. KB Home's Cypress Point is all about location, we overlook the San Luis Rey River and river trail and are across the river from Whelan Lake and Mauro Nature Preserve. Watch the egrets and more than 190 different migratory birds that enjoy the bird sanctuary. Enjoy the cool ocean breeze coming up the river valley while riding your bike to the beach and harbor. SoCal living at its best. We have NO MELLO ROOS and extremely low property tax rate is 1.1% All of the 54 single family homes featured in this gated community include a 3.2 KW Solar System at no cost, our high efficiency, energy star homes save you money and our WaterSense homes are Enviromental Protection Agency highest standard for water efficiency and performance."
1093832772,other,"Enjoy desirable Westdale Trousdale in this light and bright spacious end-unit, 4 level townhome. This single-family alternative has absolutely everything you could wish for. The first level boasts an open and sun-drenched living and dining room, and a large, newly remodeled kitchen. The second level features three spacious bedrooms and side by side laundry. Venture up to the roof deck and relax or entertain, enjoying the tree top and city views. Enter through your private garage with side by side parking to a large extra space that could be a wonderful work from home area, screening room or hangout space. Ample storage, low homeowners association dues and easy access to shops and restaurants complete the package."
1100948675,numeric,"A SPACIOUS, WELL MAINTAINED, 4 bedroom Corner Lot Home including the Guest Room/Office downstairs is a MUST SEE! Located in a quiet westside community that backs up to the Prime Desert Woodland Preserve and has great curb appeal and views. Upon entry, an Open Living room and dining room start the visual flow of comfortability. Upstairs Main Bedroom has barn doors to the master bath area, which has dual sinks, and a separate tub and shower, and dual closets. Two additional sizeable rooms upstairs. Upgrades throughout the home include fresh paint, Custom racks and a pantry with a breakfast nook with built in seating and storage cabinet in the kitchen area. Hard wood flooring and wide baseboards throughout the home flows into the family room where you'll find a nice fireplace and a great view to the large back yard with upgraded turf for low maintenance. Indoor laundry room with storage cabinets. Plenty of storage in the back yard includes two sheds (one is a work shed). Built in BBQ grill and fire pit area and plenty of concrete for lounging and entertaining. Paved side yard."
1184665768,price,Our Lot 857 is going to check ALL of your boxes! Beach Life+4beds and 3 full baths+12857 square feet lot+Hunter Douglas Shutters+Completion soon+Cul-De-Sac+LVP first floor and on Stairs+Over $130000 in upgrades at No Cost to you+California Room+Designer selected finishes throughout+Gourmet Cook's Kitchen with stainless steel KitchenAid appliances including Counter Depth Fingerprint resisitant Refriderator+Loft+Washer and Dryer+ Extra large living room+ Life of luxury+ Warm Shaker Maple Hacienda Cabinets throughout+ Huge Pantry+Frenc Doors to Porch+Laundry Sink in the upstairs laundry room+CHECK CHECK CHECK! Now come Check this one out before you're too late!
1177511038,price,"UPDATE $100000 REDUCTION All building plans are now fully county-approved with every required signature collected including FICO stamp. Incredible investor opportunity in Fallbrook! This 2205 square feet home sits on a peaceful cul-de-sac with unobstructed vineyard views - a rare setting you can't recreate. Sold entirely AS-IS, this property is primed for a straightforward path to completion. Renovation is already underway, giving the next owner a serious head start. A JADU conversion is also underway, adding excellent rental or multi-generational income potential Ask the listing agent for any additional details about the project! Whether you're a fix-and-flip investor or a builder looking to add value in one of North County's most desirable pockets, this is a chance to capitalize on someone else's groundwork - priced to move at $799000. Don't miss this one!"
1191022302,price,"Updated and Turnkey! 2 BEDROOM/2 BATHROOM IN MARLO WEST CONDO COMMUNITY Spacious living room with gas fireplace welcomes you home! Many modern updates throughout including gorgeous quartz countertops in kitchen, Newer matching appliance: gas range, refrigerator and dishwasher all included in the sale. Dining area with countertop seating. Slider door leads to backyard patio retreat with lovely fountain Upstairs to the roomy Master Bedroom with a walk-in closet and slider door leading to a sunny balcony. Laundry conveniently located between the two bedrooms. Washer and Dryer included in the sale! Newer interior paint Newer furnace Convenient, attached single car garage. Community clubhouse, sauna and picnic area are a definite plus! homeowners association is $240/mo Call your Realtor today, this one won't last! Professional photos will be loaded shortly!"
1179149858,price,"Located in the heart of North Park, 2828 University Ave #406 offers an excellent opportunity to own a stylish and centrally located 1-bedroom, 1-bath condo listed at $409000. This top-floor residence features an efficient open layout with abundant natural light, creating a comfortable urban living space ideal for first-time buyers, investors, or anyone seeking a low-maintenance lifestyle in one of San Diego's most vibrant neighborhoods. Positioned directly along University Avenue, the property places you just steps from North Park's renowned restaurants, coffee shops, breweries, boutiques, and nightlife, while still offering convenient access to freeways and surrounding metro San Diego. The building features secured access, elevator convenience, and assigned parking, making everyday living both practical and walkable. With strong surrounding property values and continued neighborhood demand, this condo presents both lifestyle appeal and long-term upside in a highly desirable San Diego location. Unit is currently being occupied by a month to month tenant."
1178118316,price,"Welcome to Canyon View an exclusive new home community by Lennar nestled in Palm Springs. The exterior design represents the sleek architecture that Palm Springs is recognized for & the clean crisp interiors that set the standard for modern desert living. This plan 3 over 2200 square feet home is move in ready with over $50000 of builder upgrades including the party size in ground hot tub, designer selected flooring, kitchen backsplash & whole home solar with Tesla Powerwall battery storage. Canyon View is located South Central Palm Springs truly a commuters dream location just minutes from Palm Springs International airport. And if you enjoy indoor and outdoor sports, you're just a short e-bike ride from Demuth Park. Demuth Park is Palm Springs largest park, offering extensive recreational facilities like sport courts (tennis, pickleball, basketball) ball fields (baseball & soccer), fitness center, a true hub of community activities. No need to pay expensive homeowner dues with this world class facility just a short ride away. This home is ready and waiting for you, your family and friends to join in the fun. Prices have been adjusted for quick sale. Photos represent Plan 3 Model Home"
1176852247,other,"New Co-Ownership Opportunity: Elegant and Family-Friendly Riverside Home. Fully Renovated & Ready for New Memories. Welcome home to a place where your family can grow, relax, and feel truly comfortable. This beautifully renovated Riverside home has everything a modern family needs: style, safety, efficiency, and that warm ""home sweet home"" feeling from the moment you walk in. Made for Comfortable Family Living* 3 cozy bed*1 beautifully upgraded bathroom with granite counters*Completely renovated throughout move in ready with nothing left to fix*Hardwood floors that are durable for busy family life*Bright, modern kitchen with granite countertops, drop in sink and new Samsung double twin refrigerator, new stove, and new microwave*Attached garage with a double glassed door(coming soon), clean, and convenient*All LED lighting for energy savings*Double pane windows to keep the home quiet and comfortable*Air conditioning to keep everyone cool during Riverside summers Inviting Curb Appeal & a Peaceful NeighborhoodA home that feels welcoming the moment you pull up perfect for evening walks, bike rides, and family time outdoors. Just a walking distance to the park and less than 3 minutes' drive to the University. Easy access to the freeway. Make your move now before it's gone."
1172553877,price,"New Price - Exceptional Value at $1149900! Now offered below $1150000, this unique Norco equestrian property also features a newly installed 5-ton air conditioning system. Take another look at everything this property has to offer! Lovingly maintained, this spacious single-story home offers nearly 2900 square feet on approximately 0.82 acres of highly usable land, providing the perfect opportunity to update and personalize the finishes. The rare two-primary-suite floor plan includes a private-entry suite ideal for multigenerational living, guests, a home office, or extended family. The main primary suite overlooks the pool and spa and features direct patio access, a built-in vanity, cedar-lined closets, a built-in laundry hamper, and an ensuite bath, creating a peaceful retreat. One of the property's greatest assets is the generous lot-larger than many surrounding Norco properties and offering plenty of room for horse corrals, outdoor living areas, gardens, RV amenities, or simply enjoying wide-open space. Existing outbuildings provide flexible space for a tack room, hay storage, equipment, or livestock shelter. Equestrian enthusiasts will appreciate direct horse trail access immediately behind the property. The pool, spa, mature fruit trees, fenced yards, and generous outdoor areas create an inviting setting for relaxing, entertaining, and enjoying the Southern California lifestyle. Inside, the home features a spacious kitchen, inviting family room with fireplace, oversized bedrooms, abundant storage, and an oversized indoor laundry room with extensive cabinetry and counter space. A conveniently located half bath between the laundry room and garage is perfect after enjoying the pool, working outdoors, or spending time with the horses. Designed with practicality in mind, the property easily accommodates RVs, boats, horse trailers, and recreational vehicles. Amenities include a 35' × 16' Quick Cover, covered RV parking, a dedicated RV sewer dump connection, dual north and south drive-through side gates, and an oversized three-car garage with built-in storage cabinets."
1159613835,numeric,"Welcome to this bright and inviting 3-bedroom, 2-bath home located in a lovely neighborhood of Winnetka. Featuring a desirable first-floor entry and a spacious functional layout, this beautifully upgraded home is move-in ready and filled with natural light throughout. Fresh neutral paint enhances the warm and airy atmosphere, while walk-in closets in most rooms provide generous storage and everyday convenience. This charming residence offers comfort, style, and privacy, making it an excellent opportunity for buyers seeking a well-maintained home in a desirable setting. Situated within a gated community, residents enjoy resort-style amenities including a sparkling pool, relaxing jacuzzi, fully equipped fitness center, and playground. The homeowners association also covers water and trash for added ease of living. Ideally located near premier shopping, dining, and entertainment destinations such as Westfield Topanga, Northridge Fashion Center, Pierce College, and California State University, Northridge, this home truly has a lot to offer. You may just find exactly what you have been looking for."
1177044625,other,"This stunning Hollywood Regency-inspired home inside the gates of The Springs represents the most compelling luxury value in Rancho Mirage. Optimized to captivate design purists, this rare property merges explosive dramatic aesthetics with a private backyard oasis featuring your own pool and peekaboo mountain views. Step inside this wonderful floor plan, which features 10-foot ceilings in the grand entertaining room with a fireplace and formal dining area. Features include tile flooring hand-laid in a striking diagonal pattern throughout most of the living area, mirrored accent walls, and a fully updated custom wet bar with a paneled front, premium quartz counters, a built-in sink, and dedicated wine refrigeration. The centerpiece is the masterfully executed chef's kitchen, featuring cabinetry in a two-tone tuxedo design. Bathed in natural light from a massive skylight, the kitchen features premium self-closing doors, dovetail drawers, crisp quartz counters, a counter-to-ceiling designer tile backsplash, and a full walk-in pantry. Elite culinary execution is guaranteed by a top-tier Bosch appliance package, including a 5-burner induction cooktop, all anchored by a wide peninsula bar top with a raised panel cabinet front. The seamless indoor-outdoor desert lifestyle flows effortlessly into a sun-drenched morning room, leading out to the private pool through expansive glass doors. All bedrooms feature updated, driftwood-colored wood-look flooring and custom plantation shutters. The expansive primary suite boasts a custom-organized walk-in closet and a timeless, preserved primary bath wrapped in classic marble flooring with double vanities and an oval soaking tub. Smart infrastructure upgrades include a new tankless hot water heater. Numerous other improvements are found throughout this delightful home. Offered at an irresistible, sub-million-dollar price point, this true designer styled showplace perfectly blends high-end updates with well-preserved original details. Experience an extraordinary country club lifestyle featuring the acclaimed 18-hole Desmond Muirhead championship golf course, premier tennis and pickleball, a state-of-the-art fitness center, exceptional dining, and a vibrant social scene. Ideally located in the heart of Rancho Mirage, this prestigious community offers the ultimate expression of refined desert living. Secure this magnificent turnkey footprint before it's gone."
1190444343,numeric,"North Facing! Welcome to corner lot and stunning single-family home nestled in the desirable city of Milpitas, CA. This beautifully designed property boasts an expansive 2405 square feet of versatile living space, offering both comfort and style. Fantastic floor plan with a ground floor bed and full bath, Open floor plan on the second floor with a separate living room, kitchen, large dining space and office. Two private patios. Shaker cabinets in the kitchen frame the stainless-steel appliances behind the supersize island. The primary bedroom with large walk-in closets and a large primary bathroom featuring a tub. Another two other bedrooms rounds out the third floor. Tons of natural light make this home bright and airy. Solar on the roof and an EV charger in the garage with an attached dedicated parking space. Conveniently located within the community with a community pavilion and BBQ area about a block away. A gated playground is about two blocks away. Whether you're hosting gatherings or enjoying calm evenings, this property is an inviting retreat you'll love calling home. Don't miss this incredible opportunity to own a spacious and versatile residence. Easy access to freeway 880 and other public transits. No rental restriction. Won't last long!"
1176905584,price,"BACK ON THE MARKET AT A NEW PRICE - ONLY $460000! SELLER WILL PAY ALL CLOSING COSTS AND IS OFFERING A RATE BUY DOWN TO GET YOU INTO THIS HOME WITH A LOWER PAYMENT THEN ANYWHERE ELSE! Welcome to this RARE 3-bedroom, 2-bathroom condo that lives like a private townhouse in the heart of Rancho Cucamonga!. This home is tucked inside a clean, well-maintained community and offers an easy, low-maintenance lifestyle with direct ground-level entry and your own attached two-car garage. Step inside and enjoy your private front and back access, plus your own PRIVATE PATIO-perfect for relaxing or entertaining. Head upstairs to find three spacious bedrooms, two full bathrooms, and the convenience of an upstairs laundry area. The living and dining spaces flow seamlessly, highlighted by a cozy fireplace for those chilly nights. The kitchen offers plenty of cabinetry, a roomy pantry, and great functionality for everyday cooking. Additional upgrades include: NEW AC system Well-maintained systems throughout The community features greenbelt areas, walking paths, a pool, tennis courts, basketball courts, and a playground. Water, trash, and exterior maintenance are included, keeping life simple and stress-free. You're just minutes from Town Center Square, Haven City Market, shopping, dining, and entertainment. Quick access to the 10, 210, and 15 freeways makes commuting a breeze. Seller has experienced major health issues, which limited showings until now - but the home is finally available and ready for you. Don't miss this opportunity! Schedule your appointment today."
1179889755,numeric,"Welcome to this beautifully maintained single-story home offering 4 bedrooms and 2 bathrooms with a thoughtfully updated interior and inviting outdoor spaces. Fresh interior paint and updated flooring create a clean, move-in-ready feel, while updated windows and gutters add to the home's appeal. Both bathrooms feature remodeled showers completed with permits. The open-concept living and kitchen area offers convenient countertop seating, along with an additional living space near the entry providing plenty of room for everyday living and entertaining. The spacious front and rear yards feature updated turf and pavers for low-maintenance outdoor living. The backyard offers a great setting for gatherings, entertaining, or relaxing while enjoying scenic mountain views. A side-yard dog run provides added convenience, and the other side yard offers potential space for RV or trailer parking. Additional driveway parking is available along with an attached two-car garage. Additional features include indoor laundry, an installed home security system, and leased solar panels. The exterior has been updated with a thermal coating intended to help improve energy efficiency. Conveniently located next to a walking park, the property benefits from having no immediate neighbor on one side. Well maintained, clean, and ready for its next owner, this home offers a combination of comfortable living spaces, functional upgrades, and inviting outdoor areas."
1189631776,numeric,"Welcome to Lily and Lotus at The Seasons in Chino! Built in 2023, this contemporary two-story detached condo offers 3 bedrooms, 2.5 bathrooms, approximately 2096 square feet of living space, a downstairs office/flex space, spacious upstairs loft, private backyard, and attached two-car garage. The open-concept main level features luxury vinyl plank flooring, recessed lighting, and plenty of natural light. The kitchen showcases white quartz countertops, a hexagon tile backsplash, shaker-style cabinetry, stainless steel Whirlpool appliances, and a generous peninsula with additional seating. The kitchen flows seamlessly into the dining and living areas, while a sliding glass door provides direct access to the backyard. Upstairs, the spacious loft offers flexibility as a second living room, media area, office, or playroom. The primary suite features a walk-in closet and ensuite bath with dual sinks, quartz countertops, a separate soaking tub, and walk-in shower. Two additional bedrooms, a full hallway bath, and dedicated laundry room complete the second floor. Residents of The Seasons enjoy community amenities including pools and spas, BBQ and covered picnic areas, sports courts, playgrounds, and a clubhouse. With newer construction, a versatile floor plan, private outdoor space, and convenient community amenities, this home offers an inviting opportunity to enjoy modern Chino living."
1188124592,numeric,"Live a storybook life in this dreamy turnkey storybook ranch home showcasing mountain views from every window! A spacious living room featuring newer engineered wood floors opens to an updated eat-in kitchen with modern appliances, ample cabinet space, and backyard access. New mini splits for energy-efficient heating & cooling throughout, built-in linen closets, and a stackable indoor washer & dryer make life here on Saladin a breeze. Two generously sized bedrooms, both with room-length closets, plus one bathroom with a full-sized bathtub/shower combo round out the easy-to-manage 780 square feet footprint. Move right in - a brand new roof and fresh exterior paint offer a worry-free lifestyle for many years to come. Park under the shaded carport on the XL 8100 square feet lot and partake in some outdoor gardening, grilling, or unwind at the firepit under the beautiful sunset skies. Previously a ""guest favorite"" airbnb, this fully furnished home serves as a wonderful investment opportunity or full time residence. Located minutes from the Joshua Tree National Park North Entrance, multitudes of shopping and dining options on Hwy 62, Tortoise Rock Casino, art galleries, hiking, and MCAGCC!"
1189494529,numeric,"Welcome to this thoughtfully remodeled 3-bedroom, 3.5-bath entertainer's paradise located in the highly sought-after no homeowners association South Palm Desert neighborhood.This home boasts an open floor plan perfect for both relaxation and entertaining, and it comes equipped with solar panels, offering energy efficiency and reduced utility costs.The chef's dream kitchen is the centerpiece of the home, featuring custom cabinetry, brand new stainless steel appliances with bronze finishes, a large 6-burner stove, electric convection oven, double island with bar seating, and a custom microwave drawer. Direct access to the private, gated front courtyard makes indoor-outdoor entertaining seamless.The home boasts two spacious suites - a luxurious master and a junior suite along with a third bedroom- each featuring its own en suite bathroom. The living room flows effortlessly into the large family room featuring a bar and powder room, creating the perfect space for entertaining. The laundry room is designated to accommodate a stacked washer/dryer unit. The backyard exemplifies the California lifestyle with a putting green, covered patio, and plenty of room for lounging by the pool and spa.Located just minutes from highly rated Washington Charter School, El Paseo shopping, Westfield Mall, Whole Foods, and more, this home truly has it all!"
1179686451,price,"A rare opportunity to own in the heart of Downtown Oceanside for under $700000! This spacious modern studio at Ocean Lofts offers an incredible chance to get your foot in the door of homeownership just steps from the beach and everything that makes Downtown Oceanside one of Southern California's most exciting coastal destinations. With its open loft design, soaring ceilings, and floor-to-ceiling windows, the residence feels bright, airy, and remarkably spacious, with the flexibility to create distinct areas for living, sleeping, dining, and more. Whether you're looking for your first home, a coastal second home, or a beach getaway, Ocean Lofts offers a unique opportunity to own in an unbeatable location. Built with concrete construction, the building features dramatic ceilings up to 20' high and an expansive ocean view rooftop deck where residents can lounge, dine al fresco, and take in beautiful evening sunsets. Step outside and experience the best of the Downtown Oceanside lifestyle. The beach, Oceanside Pier, Michelin-starred restaurants, trendy coffee shops, craft breweries, rooftop lounges, and weekly sunset markets are all within a short walk. Spend the day on the sand, bike along the coast, or head to nearby Oceanside Harbor for kayaking and paddle boarding. On-site amenities include a fitness center, spacious private storage lockers, central air conditioning, in-unit laundry, and assigned parking. Opportunities at this price point are increasingly hard to find this close to the coast - a unique chance to own your own piece of Downtown Oceanside."
1176279892,numeric,"Charming, cozy, and comfortable home with excellent curb appeal and 24-hour gated security. This residence is in the Friendly Valley Senior Citizen Housing community, which offers protection and is exclusively for residents aged 55 and older. The house is nestled on a charming corner lot, offering extra privacy and beautiful curb appeal. Step inside and be greeted by a bright, inviting atrium. This lovely residence has been freshly painted and features brand-new carpet, giving it a clean, updated feel the moment you walk in. This home offers two bedrooms, two full bathrooms, and a charming atrium. The primary bedroom is spacious and has a private bathroom, while the second bedroom is bathed in soft afternoon sunlight, creating a warm and relaxing atmosphere. The kitchen includes a new dishwasher for everyday convenience, and the attached garage features an electric door opener. The private, fenced backyard is the perfect setting for a relaxing afternoon, morning coffee, or entertaining family and friends. Storage space is wonderfully spacious, giving you plenty of room for everything you need. Low homeowners association fees include insurance, water, trash, pool, spa, golf course, clubhouse, and more. Whether you're downsizing, relocating, or simply looking for a vibrant 55+ community to call home, this charming property offers comfort, security, and a wonderful lifestyle all in one. This charming home is waiting to welcome its new owner!"
1178479131,numeric,"Welcome to this well maintained ranch style home situated on over 2 acres of usable land in the heart of Phelan. Offering plenty of space both inside and out, this property provides the opportunity to enjoy country living while remaining just minutes from everyday conveniences. The home features 3 bedrooms, 2 bathrooms, and a functional floor plan designed for comfortable living. The kitchen has been tastefully updated with white shaker cabinetry, quartz countertops, stainless steel appliances, a beverage refrigerator, and a breakfast bar that opens to the dining area. The spacious living room features exposed wood beam ceilings, recessed lighting, rich wood look flooring, and a freestanding wood burning stove set on a classic brick hearth, creating a warm and inviting gathering space. French doors open to a large enclosed patio that offers endless possibilities for entertaining, a game room, home gym, hobby space, or additional storage. Outside, the covered patio includes a built in outdoor cooking area, making it easy to enjoy outdoor gatherings year round. The expansive lot offers room for horses, recreational vehicles, gardening, or future improvements, giving you the flexibility to create the lifestyle you've been looking for. A standout feature of the property is the impressive two story barn with a large ground level workshop and an upstairs loft, providing exceptional space for storage, projects, equipment, or a variety of other uses. Conveniently located near Phelan Road, Sheep Creek Road, and Highway 138, this property combines the privacy and open space of rural living with convenient access to shopping, dining, and everyday services."
1171151453,numeric,"Welcome to 17406 Valerio Street in Lake Balboa. This expanded 5-bedroom, 3-bathroom home offers approximately 2300+ square feet of living space and a versatile floor plan designed for modern living. The home features an open-concept layout with a spacious living area, large kitchen island, oversized tile flooring throughout the main living areas, and engineered wood flooring in the bedrooms. The thoughtfully designed floor plan includes two spacious suites, one on the main level and one upstairs, each featuring walk-in closets, soaking tubs, and separate showers. The upstairs suite offers direct access to a large private balcony overlooking the backyard, providing additional outdoor living space. Recent improvements include updated electrical and plumbing systems, fire sprinkler system, remodeled kitchen and bathrooms, dual tankless water heaters, roof, insulation, drywall, dual-pane windows, and landscaped grounds. Conveniently located near shopping, dining, parks, golf courses, public transportation, Lake Balboa Park, the Japanese Garden, Encino Farmers Market, and Ventura Boulevard. A rare opportunity to own a spacious, upgraded home in a centrally located Lake Balboa neighborhood."
1159103096,numeric,"Location location location! Views views views! Upper Moonridge Chalet with eyes on the slopes & approved building plans to add 1877 square feet! Welcome to your mountain getaway a beautifully maintained 3-bedroom, 3-bath cabin with a spacious loft, perfectly situated in the desirable Upper Moonridge and positioned to capture breathtaking views of Big Bear Mountain ski slopes. This home blends cozy alpine charm with modern comfort, featuring 3 floors of living/sleeping area with a bathroom on every floor. Vaulted wood-beam ceilings with large windows providing natural light and mountain scenery. Currently operating as a well-performing short term rental, this property offers strong income potential with a proven track record of guest satisfaction and consistent bookings. Included with the sale are approved plans to expand the home to approximately 1877 square feet, complete with a 400 square feet. garage and 468 square feet. of outdoor patio decking, giving you the opportunity to create your dream mountain estate or elevate your investment portfolio. Whether you're seeking a vacation home, short-term rental, or year-round retreat, this property delivers endless potential in one of Big Bear's most sought-after locations just minutes from ski resorts, hiking trails, the lake, and the Village."
1177892114,price,"NEW PRICE $489900-PANORAMIC VIEWS-OWN YOUR OWN LAND-BEST VALUE IN RANCHO ESCONDIDO! Enjoy sweeping hills & sparkling city-light views from sunrise to sunset, complemented by cool afternoon breezes. The expansive covered Trex deck stretches across the back of the home, creating the perfect place to relax or entertain, while taking in the spectacular scenery. Inside the Great Room's many windows invite in the natural light & frame the views. This stunning, upgraded residence in Rancho Escondido, a 5*, 55+community; is turnkey, pristine, & move in ready. Top of the line Hallmark home featuring Hardie board construction, 6"" exterior walls, designer dual pane vinyl windows, vaulted ceiling with clerestory window, & Solar tube skylights throughout provide a bright, airy atmosphere. Bamboo plank flooring, 4"" baseboards, and 4"" crown molding, enhance the quality of the home construction. Flexible office/den/hobby room for added living space. Beautiful kitchen with large 2-level island & dining bar. Spacious primary bedroom suite with walk-in closet, with ensuite bathroom featuring built-in cabinetry, and full walk-in shower. Laundry room with sink, & built-in storage. Widened carport. Ideally located near upper clubhouse, with guest parking nearby."
1177248846,other,"Perched in the coveted hills of Silver Lake, this exceptional contemporary retreat seamlessly blends sophisticated design with panoramic views and resort-inspired outdoor living. Thoughtfully reimagined with designer finishes throughout, the home captures iconic vistas of the Hollywood Sign, Griffith Observatory, the downtown skyline, and breathtaking sunsets from multiple vantage points. Inside, a light-filled open floor plan is enhanced by warm hardwood floors, designer-selected Farrow & Ball paint, and an effortless flow designed for both everyday living and entertaining. The beautifully appointed kitchen features quartz countertops, stainless steel appliances, custom tile work, and a view-filled dining area that opens to an expansive terrace - perfect for morning coffee, al fresco dining, or hosting guests against the backdrop of the city skyline. The main level offers an ideal layout with a spacious living room, an elegant dining area anchored by a fireplace and a custom terrazzo bar top, a guest powder room, laundry room, and a luxurious primary suite. The serene primary retreat features a unique split-level design that creates separate sleeping and lounge spaces, a custom walk-in closet, private balcony that connects to the terrace, and a spa-inspired bath complete with a dual vanity and oversized walk-in shower. The lower level features two spacious en-suite bedrooms, both opening directly to the lush backyard, including one that lives like a second primary suite. Outside, the transformed backyard oasis is surrounded by mature bamboo for exceptional privacy and features professionally designed landscaping, ambient lighting, fire pit, multiple entertaining areas, and a cedar soaking hot tub. Just moments from Sunset Junction, this Silver Lake stunner offers elevated design, spectacular views, and the ultimate Southern California indoor-outdoor lifestyle."
1179850059,numeric,"*Fairway views* Experience resort-style living in the highly sought-after gated 55+ community of Trilogy at Glen Ivy. Perfectly positioned along the golf course, this beautifully maintained single-story home offers stunning views, an open-concept layout, and the easy, low-maintenance lifestyle you've been looking for. Inside, you'll find approximately 1552 square feet of thoughtfully designed living space featuring 2 bedrooms, 2 bathrooms, and a versatile den that makes an ideal home office, library, or hobby room. The spacious great room is filled with natural light and centers around a cozy fireplace, creating the perfect space to relax or entertain. The kitchen is designed for both function and style with granite countertops, a large center island, abundant cabinetry with pull-out drawers, and seamless flow into the dining and living areas-making it just as comfortable for everyday living as it is for hosting family and friends. The spacious primary suite offers a peaceful retreat with a walk-in closet, dual vanities, a soaking tub, and a separate walk-in shower. A generously sized secondary bedroom and full guest bath provide comfort and privacy for visitors. Step outside to your private backyard patio where you can unwind with beautiful golf course views and enjoy Southern California's year-round sunshine in a peaceful setting. Additional highlights include an indoor laundry room, an attached two-car garage with direct access, and a desirable location within one of the Inland Empire's premier active adult communities. Trilogy residents enjoy exceptional amenities including a championship golf course, clubhouse, fitness center, resort-style pool and spa, tennis and pickleball courts, walking trails, social clubs, and a full calendar of activities. Whether you're looking for a full-time residence or the perfect place to enjoy retirement, this move-in-ready home offers comfort, convenience, and an outstanding lifestyle in one of Corona's most desirable 55+ communities."
1179076533,other,"Completely remodeled from top to bottom, this stunning Birdland home sets a new standard for turnkey luxury in one of Pleasanton's most sought-after neighborhoods. No detail was overlooked. The chef's kitchen is the centerpiece, featuring J&K Grand cabinetry, a large center island, sleek countertops, designer tile finishes, and a premium appliance suite including a Thermador 48"" refrigerator, Thermador 3-rack dishwasher, and Cosmo 36"" range. The open-concept layout flows seamlessly into the main living and dining areas, making this home as functional as it is beautiful. Every bathroom has been fully renovated with contemporary fixtures, designer tile, and timeless finishes. Throughout the home you'll find luxury vinyl plank and tile flooring, all-new LED recessed lighting in every room, and pure white designer paint that creates a bright, modern feel from the moment you walk in. The fully finished garage with epoxy floors and recessed lighting adds a polished, functional finishing touch that buyers will appreciate. Step outside to your private California retreat. A sparkling in-ground pool, spacious entertaining patio, and seamless indoor-outdoor flow make this home perfect for the Pleasanton lifestyle year-round. Located minutes from top-rated Pleasanton schools, scenic parks, vibrant downtown, BART, I-580, and I-680. Birdland is beloved for its tree-lined streets, established neighborhood charm, and unbeatable central location. No homeowners association. No compromises. This is the one."
1190962989,numeric,"Set on just over an acre in guard-gated Hidden Hills, this nearly 11000-square-foot architectural estate was completely reimagined just five years ago, blending contemporary sophistication with everyday comfort. Primarily single-level, the open floor plan is defined by soaring wood-paneled ceilings that rise up to 18 feet, hardwood floors throughout, and incredible natural light that pours through walls of glass. Interiors flow effortlessly between grand living and dining spaces, a state-of-the-art theater, and warm gathering areas anchored by fireplaces in the living room and primary suite. The serene primary is privately set in its own wing with dual baths and dual walk-in closets. In all, six bedrooms, comprising the primary suite, three additional guest bedrooms, a one-bedroom ensuite guest quarters downstairs, and the separate guest house with its own private entrance, plus a dedicated home office. For the automotive enthusiast, a subterranean garage accommodates up to ten vehicles, viewable through a glass window from the downstairs gym or office. Outside, resort-style grounds feature manicured lawns, a putting green, two fire pits, a swimmer's pool and spa, and a fully equipped outdoor kitchen, ideal for both relaxed living and grand-scale entertaining."
1189299180,price,"RARE INCOME-PRODUCING NEWBURY PARK HILLSIDE COMPOUND - THREE LEGAL ADDRESSES: 1469, 1471 & 1473! LIVE IN ONE, RENT THE OTHER THREE! Offering approximately 4046 square feet of combined living space with spectacular panoramic Conejo Valley views. Three of the four units-the main residence and two ADUs-are currently rented and generating approximately $15000/month in gross rental income, while the owner occupies the fourth unit. Property will be delivered vacant at close of escrow, giving the new owner maximum flexibility to occupy, re-lease, or reposition the residences. An exceptional opportunity for investors, 1031 exchange buyers, or owner-users seeking strong income, flexibility, and future upside. The property features a 2456 square feet main residence (3 bedroom/2.5 bathroom), an attached 622 square feet 1 bedroom/1 bathroom residence with full kitchen, plus two additional 1 bedroom/1 bathroom residences of approximately 480 square feet and 488 square feet, currently in the final stages of approval. One ADU offers potential for an approximately 700 square feet expansion and possible conversion into a 2-bedroom residence, creating additional future income potential. Buyer to independently verify feasibility, permits, square footage, and permitted use. Each unit is equipped with appliances including refrigerator, washer, dryer, dishwasher, and more. Located in an unincorporated area offering a rare opportunity for short-term rental business, the property provides exceptional income-producing potential. Each living area offers privacy and separation-ideal for short-term or extended-stay rentals, corporate housing, or multi-generational living. Currently furnished, with furnishings available separately. Smart-home technology, Tesla charging, numerous upgrades, a private-road setting, and breathtaking panoramic views complete this truly unique investment opportunity."
1179218510,price,"REFRESHED AND READY! Move-in ready and beautifully renovated, this extra-large one-bedroom penthouse condo offers the perfect blend of modern luxury and effortless urban living. Bathed in natural light, the expansive open floor plan is designed for both comfortable everyday living and seamless entertaining. The sleek, updated kitchen is a chef's dream, featuring stone countertops, premium Wolf and Miele appliances, abundant cabinetry, a spacious pantry, and even a dedicated appliance garage that keeps countertops clean and organized. Unwind in the spa-inspired bathroom, complete with a large walk-in shower and a separate Kohler deep soaking tub. The oversized bedroom provides exceptional space and flexibility, easily accommodating a dedicated home office or sitting area. A full wall of closets has been custom designed to accommodate your retail therapy excursions. Step outside to your private balcony overlooking the sparkling newly renovated pool and beautifully landscaped pool deck...the perfect setting for morning coffee or evening relaxation. More than $40000 in thoughtfully curated upgrades enhance the home, including Miele in-unit laundry, built-in whole-home sound with individual room controls, a Nest thermostat, reverse osmosis water filtration system, double-pane windows, and custom-designed closets that maximize storage throughout. A brand new central AC system will maximize your comfort. The impressive collection of building amenities includes the pool, a large, covered spa for year-round enjoyment, gated parking, a Butterfly smart entry security system, and additional private storage. This exceptional residence sits on one of the neighborhood's most coveted streets, surrounded by world-class dining, shopping, and nightlife including Erewhon, Laurel Supply, La Boheme. Hugo's, Marix, Zarape and Ministry of Coffee. The very best of West Hollywood living is at your doorstep."
1150594383,numeric,"Price Improvement! Enjoy resort-style living in this charming 2 bedroom, 2.5 bathroom, 1722 square feet single-family home, perfectly situated on the golf course in one of Murrieta's most sought-after gated 55+ communities. The home features a gated front patio and classic Spanish-style tiling throughout much of the main living spaces, offering a highly functional floor plan ideal for comfortable everyday living and easy entertaining. The ground-floor primary bedroom provides convenient access without the need for stairs and includes an en-suite bathroom with a walk-in shower for added accessibility and comfort. The kitchen opens into a bright and airy breakfast nook highlighted by beautiful bay windows, bringing in natural light and offering a relaxing spot for morning coffee or casual meals. Upstairs, you'll find a spacious guest bedroom paired with a full bath, creating an ideal setup for visiting family or friends. Step outside to the backyard and enjoy a large covered patio - the perfect place to relax or entertain while taking in stunning views of the golf course. The Colony is an active adult community offering 24/7 guarded gate access and an array of amenities, including a championship golf course, swimming pools, tennis and pickleball courts, fitness center, and a beautifully renovated clubhouse with endless activities and social events. If you're looking for a low-maintenance home with fantastic community benefits and golf course views, this property is a must-see!"
1154160057,price,"BOM and HUGE REDUCTION! This is a beautiful, authentic 1920's Spanish style home. Although about 990 square feet., it appears much larger! Enter into a great room with spacious living/dining room area, leading to a beautiful, functional kitchen with refrigerator, stove, and new dishwasher, and private laundry with washer and dryer. Nice size breakfast or french seating area with ceiling fan. Beautiful newer marble tiles in kitchen and laundry, and hardwood floor everywhere else except bathroom which has new vinyl plank tile. Exit to the back yard, which is beautiful, landscaped and HUGE! New private deck with seating. Private finished garage for office or recreation room, plus up to 4 or 5 car parking on the driveway. Quiet street that does not do through. Near bikeway and huge park area. Also close to new eating places and entertainment. Also for rent, $4875. Vacant and available now! RV parking possible."
1189592953,numeric,"Who's ready for a park in their front yard with a pickle-ball court, baseball field and a playground? Located close to the heart of downtown Sonora, Dragoon Gulch Walking Trail and the Motherlode Fairgrounds with 4 designated parking spots. (Plenty of room for toys.) This charming, updated home includes a fully furnished, separate guest or mother-in-law quarters with a washer/dryer unit, kitchenette, bed, bathroom with maserator, built-in storage and a private covered patio. Take advantage of the outdoor entertainment area with a massive fig tree or enjoy gardening and your own greenhouse, including a maturing lemon and avocado trees. There are also mature apple, plum, apricot trees as well as grapes on this property. Forget to water? No problem! Timers on the sprinkler system have you covered. Speaking of water, there is a new reverse osmosis water filtration system and a tankless hot water heater. The main house includes dual pane windows, gutter guards, concrete block exterior walls, 2 bedrooms, 1 bath, an office, pantry and washer dryer purchased in 2025. Refrigerator and air conditioning unit are new as well. The security system will come with it and has a 45 day recording loop. Solar panels will be paid off with the sale. Got pets? There's room for them too! We have a built-in Catio and dog watering station."
1190323905,numeric,"Discover this beautifully remodeled 2-bedroom, 2-bath home, new electrical, new plumbing, new windows, new flooring throughout, etc. Ideally located just minutes from LAX, SoFi Stadium, Kia Forum, YouTube Theater, Intuit Dome, and Hollywood Park Casino. Step inside to a thoughtfully updated interior featuring a modern kitchen, a stylishly renovated bathroom, and contemporary finishes throughout. The home offers a warm and inviting atmosphere, making it truly move-in ready. Outside, the spacious backyard provides endless possibilities. Whether you envision entertaining guests, creating a garden oasis, designing your own outdoor retreat, or exploring the potential for an ADU (buyer to verify), this property offers the flexibility to fit your lifestyle and future goals. Perfect for first-time homebuyers. This home combines comfort, convenience, and opportunity in one of Los Angeles' most desirable locations. Enjoy easy access to premier entertainment venues, dining, shopping, transportation, and major employment centers. Don't miss this exceptional opportunity. Schedule a showing today."
1155539266,numeric,"Discover refined, move-in-ready living in Menifee's desirable 55+ neighborhood a beautifully refreshed single-story 3-bedroom, 2-bath home built in 1989, offering 1523 square feet of thoughtful, comfortable space on a generous 7405 square feet lot (0.17 acres) with no homeowners association and low taxes. This standout property combines independence, exceptional value, and modern updates in one of Southern California's most vibrant, fast-growing retirement communities. Inside, fresh neutral paint creates a bright, serene atmosphere, enhanced by recessed lighting, ceiling fans, and upgraded fixtures for effortless comfort and style. Pergo flooring brings a warm, premium hardwood look to the main living areas, while pristine 20x20 tile flows seamlessly elsewhere for easy maintenance. The kitchen impresses with newer stainless steel appliances and custom plantation shutters that offer elegant light control and timeless sophistication.Step outside to your private oasis: a spacious covered patio beneath a classic redwood pergola perfect for morning coffee, sunset relaxation, or casual entertaining. The front yard captivates with low-water desertscape landscaping drought-tolerant plants, natural rocks, and clean contemporary lines for minimal upkeep and outstanding curb appeal. The backyard delights with lush mature greenery and productive fruit trees, delivering fresh seasonal citrus right from your own yard.Embrace the active 55+ lifestyle you deserve: minutes from Menifee Lakes Country Club's 36 holes of championship golf, featuring scenic waterways and challenging play. Nearby parks, walking trails, community pools, and social gatherings keep you engaged and active. Unbeatable convenience only 2 miles to abundant shopping, dining, top-tier medical facilities, and quick 215 freeway access. Fully updated, move-in ready, and perfectly positioned this home is your invitation to a relaxed, sun-soaked retirement chapter. Schedule your private tour today and step into the lifestyle you've earned!"
1179835628,other,"New community, Seagrass by Pulte Homes in charming Discovery Bay. Enjoy this new energy efficient construction, single story home. A serenity lake is a central feature at Seagrass. A new amenity center is under construction which will feature outdoor gathering places and games, pickle ball courts, a half basketball court, and a 2+ mile perimeter trail for additional strolling opportunities.*Photos are of model home, not of actual home.*"
1175501551,numeric,"Exceptional mixed use opportunity featuring a well established neighborhood market with residential potential above or behind the commercial space. This versatile property offers strong visibility, steady foot traffic, and flexible zoning. Ideal for investors, owner operators, or those looking to expand their business portfolio. The commercial unit is currently operating as a market, equipped with display coolers, shelving, storage, and this will be taking over. Perfect for grocery, convenience, specialty retail, or future redevelopment. The market has a Liquor license, will be sold separately. Charming 3 bedroom, 1.5 bath residence offering comfortable living space behind the commercial storefront. The bathroom is finished with ceramic tile, a large vanity with mirror lighting, and a tiled tub surround. Each bedroom provides ample natural lighting and closet space. This residence sits on a corner lot with approximately 4462 square feet. PERFECT FOR AN OWNER USER OR INVESTOR SEEKING A PROPERTY WITH DUAL INCOME POTENTIAL. PROPERTY SOLD AS-IS."
1181733637,numeric,"Welcome to this charming 3-bedroom, 2-bathroom Compton home featuring a functional layout and plenty of possibilities to make it your own. Conveniently located near schools, shopping, dining, and major freeways, with easy access to Downtown Los Angeles, SoFi Stadium, Intuit Dome, the Kia Forum, and the Los Angeles Memorial Coliseum. This property is a fantastic opportunity for first-time buyers looking to build equity or investors seeking future potential. The backyard features mature lemon and guava trees, creating an inviting outdoor space to relax and enjoy. The detached two-car garage offers excellent potential for a possible ADU conversion, which could provide additional living space or future rental income. Buyer and buyer's agent to verify all permits, square footage, bedroom and bathroom count, garage information, ADU feasibility, distances, and all property information."
1174103358,numeric,"Nestled on a highly desirable corner lot within the exclusive, 24-hour guard-gated community of The Groves at Orchard Hills, this stunning Messina Estate blends high-end elegance with a harmonious, peaceful flow. Spanning 3775 square feet, this immaculate 5-bedroom, 4.5-bathroom home offers the ultimate Southern California luxury lifestyle. Upon entering, you are greeted by a beautifully designed open-concept floor plan boasting rich hardwood flooring, elegant chandeliers, and an abundance of natural light. The heart of the home is a highly upgraded gourmet kitchen featuring top-of-the-line stainless steel Sub-Zero and Wolf appliances, a massive center island with quartz countertops, custom pendant lighting, and a designer full backsplash. Oversized French doors effortlessly blur the lines between indoor and outdoor living, connecting the main living areas to a spectacular California room and private courtyard-perfectly designed for both quiet relaxation and grand-scale entertaining. For added convenience, the first level features a highly sought-after private en-suite bedroom. Upstairs, a spacious and versatile loft offers the perfect space for a playroom, home theater, or executive office. The luxurious primary suite serves as a tranquil retreat, complete with a generous walk-in closet and a spa-inspired en-suite bathroom featuring a large soaking tub, a separate glass-enclosed shower, and dual vanities. Three additional well-appointed bedrooms complete the second level. Notable premium upgrades include beautiful wood flooring throughout and fully owned, paid-off solar panels for maximum energy efficiency. Residents of The Grove enjoy exclusive access to world-class, resort-style amenities including sparkling pools and spas, clubhouses, tennis and sport courts, parks, and miles of scenic hiking trails. Zoned for the award-winning Orchard Hills K-8 and Beckman High School, and conveniently located just minutes from premier shopping, dining, and coffee at Orchard Hills Plaza. Don't miss this rare opportunity to own a meticulously crafted dream home in one of Irvine's most prestigious enclaves."
1176986868,numeric,"Beautiful corner lot 4 Bedroom 2 baths home. Granite countertop kitchen appliances, ceiling fans & lighting. Wonderful landscaping which includes mature grapefruit & tangerine & Mango & papaya trees! Very nice house, show and SELL!"
1166097356,numeric,"This extraordinary single-story estate offers breathtaking panoramic views across 10.43 acres, with 6498 square feet of living space, including a 5515 square feet main residence, private casita, & a 983 square feet detached guest house. A long, private drive leads to an elegant paver courtyard accented by a limestone entry. Enter through grand double wrought iron arched doors into a stunning marble foyer with soaring ceilings, opening to a spacious great room featuring wood flooring, custom built-ins, a stone wood burning fireplace, & a granite wet bar with copper sink & wine refrigerator-perfect for entertaining. The chef's kitchen is thoughtfully designed with dual granite islands, bar seating, a Sub-Zero refrigerator, professional 6-burner Wolf range with double ovens, microwave drawer, dishwasher, prep sink, farmhouse apron sink, a charming breakfast nook, & a walk-in butler's pantry. The home offers a versatile & functional layout with a formal dining room, private media room with 6 reclining chairs, office or optional bedroom, homework/study area, additional bedroom, & a full bath-all situated in one wing. The opposite wing is dedicated to the luxurious primary suite with sweeping views, private patio access, a fireplace, coffered ceilings, & a spa-inspired bath with soaking tub, dual-head walk-in shower, dual vanities, & an expansive walk-in closet with direct access to gym or flex space. Additional highlights include a secondary ensuite bedroom with private patio, spacious mudroom, an oversized 3-car garage, & a separate single-car garage. The casita offers its own private entrance, bedroom, kitchenette, full bath, & walk-in closet. Built in approximately. 2019, the detached guest house features a modern aesthetic with high ceilings, laminate flooring, a stylish kitchen with quartz countertops, Samsung appliances, living room with fireplace, & a beautifully appointed bath with clawfoot tub, walk-in shower, dual vanities, & walk-in closet. The resort-style grounds feature multiple covered patios, outdoor fireplace, sparkling pool & spa with waterfall, fire pit, bocce ball court & putting green. Over 900 eucalyptus plants help offset water costs. Energy-efficient upgrades include PAID SOLAR with 120 panels, 6 TESLA POWERWALLS, 4 HVAC systems with 5 zones & tankless water heaters. No homeowners association. Ideally located just minutes from Old Town Temecula and Wine Country, this exceptional property offers luxury, privacy, & endless possibilities for multi-generational living."
1182522396,price,"$25000 PRICE REDUCTION Welcome to 9749 Philta Way, a beautifully maintained 4-bedroom, 3-bath home offering 2618 square feet of comfortable living in Elk Grove's desirable Laguna Ridge community. The bright, open-concept floor plan features a spacious kitchen with rich cabinetry, granite countertops, abundant storage and counter space, and a large center island that flows seamlessly into the living and dining areas. A downstairs bedroom and full bath provide flexibility for guests or multigenerational living, while the upstairs loft is ideal for a home office, media room, play area, or additional lounge space. Enjoy the benefits of solar for added energy efficiency, along with a low-maintenance backyard and patio perfect for relaxing or entertaining. Built in 2014 and ideally situated near District 56, The Village, The Ridge Shopping Center, Horseshoe Park, Costco, Trader Joe's, restaurants, shopping, parks and recreation, with convenient access to Hwy 99 and I-5. A wonderful combination of space, functionality, energy efficiency, and access to some of Elk Grove's most popular amenities."
1187672470,numeric,"Price improvement! Kentwood. Corner lot, low traffic street, nestled within the neighborhood. Inviting front porch. Freshly painted! Formal living room, open to dining area and remodeled kitchen. The remodeled kitchen has quartz counters, stainless steel appliances and a lovely bay window above the kitchen sink - perfect for plants or herbs. Custom cabinets, plenty of counter space and a breakfast table nook. Charming Dutch door off the kitchen makes it easy to grill on the deck outback and entertain. Custom window shutters and blinds throughout. On the main floor are three bedrooms, the first of which has double doors that open to the living room, perfect flex space/home office. Two additional bedrooms with coved ceilings complete this level. Down the hall is a great room/den with cozy window seat with storage underneath, tall ceiling with oversized fan, and a staircase to the 2nd level. The den opens to the backyard through sliding doors and is large enough for a comfy sectional sofa or pool/ping pong table or exercise room. Convenient 3/4 bath located under the stairs. Direct access garage with off street parking. Upstairs is a primary suite with large walk-in closet and views out the windows of the neighborhood. The second bedroom could be used as a nursery or office/workout room. Full bathroom completes this level. Layout may work for multigenerational family too! Two HVAC systems - one for the main level and another for upstairs. Dual paned windows, plantation shutters. Direct access garage with laundry area plus room for storage. Close to Silicon Beach yet also conveniently located near LAX. Or, jump on bikes and enjoy the local parks, shopping and dining. Fantastic location - short commute to Loyola Marymount University, Kentwood Elementary School and the charm of Westchester. Just reduced by 50000!"
1158799998,numeric,"BRAND NEW! Spanish style two-story home with 3 bedrooms with den and loft, 2.5 bathrooms in the beautifully planned community of Terracina. The bright open kitchen features lots of cabinets, a kitchen island and Whirlpool appliances including range, dishwasher, and microwave hood combo. The spacious primary bedroom and bath include a shower with a walk-in closet and linen closet with lots of storage. Within walking distance of community sports park. Ten-year limited warranty. Quick 15 freeway access. Photo is a rendering of the model. Buyer can either lease or purchase the Solar."
1191028558,numeric,"Move-in ready, and offered at a great value! This first-floor corner unit features 2 bedrooms, 1 full bath, and a spacious enclosed private patio, providing additional outdoor living space to relax or entertain. The interior features granite countertops, upgraded kitchen cabinets, stainless steel appliances, ceiling fans, laminate wood flooring, tile flooring in the kitchen and bathroom, and generous closet and storage space throughout. Enjoy a well-maintained community with a pool and one assigned parking space. Centrally located in the established Serra Mesa neighborhood with convenient access to shopping, dining, freeways, and everything San Diego has to offer. A great opportunity in a desirable central location-come see it! (Some photos have been virtually staged.) Sunburst offers a community pool and spa, clubhouse/recreation room, BBQ area, community laundry facilities, landscaped common areas and assigned parking"
1159248641,price,"Discover mountain living in this beautifully designed 3 bedroom, 2.5 bathroom home, located in Lake Arrowhead. With exclusive lake rights, parking for up to 6 vehicles (including space for a boat or RV), and a partially fenced yard! Appraised at $660000 in October 2025, plus restored kitchen and bathroom cabinets, new interior railings, and a fresh coat of paint in the upstairs bathroom all completed in March 2026. Step inside to the main floor's highly sought after prow design, showcasing an open-concept living and kitchen area bathed in natural light. Soaring windows frame mountain views, while the spacious layout is perfect for entertaining or cozy nights by the fire. Access the deck from the living room slider doors, and breathe in the fresh mountain air. The main floor also features a comfortable primary bedroom and a full bathroom, offering convenience and flexibility. Upstairs, you'll find two generously sized bedrooms and a full bathroom, alongside a loft landing with space for a desk or relaxation area. The lower level expands your living options with an extra room, ideal for a secondary living area, home office, or recreation space, plus a convenient laundry room and half bath. Enjoy peace of mind with the secure, fenced yard-ideal for pets, play, or gardening. With ample parking and storage for your outdoor toys, this home is designed for the mountain lifestyle!"
1168406950,other,"This home has had a big remodel and is just like new! The open floor plan and big beautiful kitchen are bright and awesome! This home is spacious and all on one level! There are two primary bedroom suites and another guest bedroom. There is a nice storage room out back, an attached two car garage, lots of parking and a shop area under the back portion of the house. Ask about the assumable VA loan at 2.875% interest! Located only 2 1/2 hours from most Bay Area locations and a short drive to Yosemite National Park, Columbia State Park, Historical Sonora, and downtown Twain Harte. It's less than a 30 minute drive to Dodge Ridge Ski Resort and area Lakes for water skiing. Come up and take a look!"
1189486373,numeric,"Welcome home to Palm Springs Villas! One bedroom, one bath ground floor unit located in gated community. Nice sized living room open to dining room that has new ceiling fan. Galley style kitchen includes free standing range and refrigerator. Bedroom overlooks the green belt and is adjacent to the full bath. New plank flooring throughout entire unit and new plumbing fixtures. Community features multiple pools and tennis courts and is located close to downtown."
1190280760,price,"Set within The Briarcliff, one of Playa del Rey's landmark mid-century modern communities, this beautifully renovated second-floor residence pairs refined design with a highly functional reimagined floor plan. With only one shared wall, the home offers a quiet setting and 1382 square feet. of thoughtfully finished living space.The 2 bedroom/2 bathroom layout places the bedroom suites at opposite ends of the residence for added privacy, with each suite opening directly to the balcony. The gourmet kitchen features quartz countertops, custom cabinetry, Grohe fixtures, an Angela Adams tile backsplash, and premium Sub-Zero and Bosch appliances.A sophisticated mix of finishes runs throughout, including Ann Sacks tile, Kohler sinks, Toto fixtures, California Closets, hardwood flooring, wool carpet, and curated lighting.Floor-to-ceiling glass doors extend the living space to an enclosed west-facing balcony of more than 200 square feet., creating an ideal setting for a home office, lounge, or creative studio. Treetop and hillside views provide a scenic backdrop, highlighted by spectacular sunsets. The residence also includes an in-unit laundry closet.The Briarcliff offers a beautifully landscaped courtyard and heated pool, with Dockweiler Beach, Ballona Creek, Playa Vista, Marina del Rey, and LAX all nearby. Also coming to the neighborhood is the $170 million Lulu's Place campus, scheduled for completion in 2027, bringing 34 acres of recreational, athletic, and educational amenities.homeowners association dues: $784/month."
1177125586,numeric,"Move-in ready and perfectly positioned in one of Rancho Cucamonga's most desirable neighborhoods, this beautifully maintained home offers the ideal blend of comfort, functionality, and scenic mountain views. Situated on a generous 7260 sqt lot, this spacious 2184 sqt two-story residence is designed for both everyday living and effortless entertaining. Step through the elegant double-door entry into a bright, open floor plan featuring a dramatic vaulted-ceiling formal living room, formal dining room, and a warm family room with a cozy fireplace. Brand-new flooring throughout the main level adds a fresh, modern touch, creating a stylish and move-in-ready living space. The thoughtfully designed layout features 4 bedrooms and 3 bathrooms, including a main-floor bedroom and full bathroom, ideal for guests, extended family, or a private home office. Upstairs, the spacious primary suite offers a peaceful retreat where you can enjoy beautiful mountain views from the comfort of your own room. Additional bedrooms provide flexibility for growing families or work-from-home needs. The expansive backyard is perfect for outdoor entertaining, family gatherings, gardening, or simply relaxing in your own private outdoor space. This home is surrounded by award-winning schools and is just minutes from shopping, restaurants, parks, scenic walking and biking trails, and convenient freeway access. Combining a prime location, a functional floor plan, recent upgrades, and picturesque mountain views, this exceptional home presents a wonderful opportunity to own in one of Rancho Cucamonga's most sought-after communities."
1176398092,price,"Inviting Single-Story 3 bedroom/2 bathroom Home - No homeowners association! Welcome to this well-maintained single-story attached home offering 3 bedrooms, 2 full bathrooms, and approximately 1154 square feet. of comfortable living space. Filled with natural light, the inviting open floor plan features a spacious living area and a formal dining space, creating an ideal setting for both everyday living and entertaining. Master Bedroom includes its own private bathroom, while the thoughtfully designed layout provides comfort and functionality throughout. Step outside to a comfortable backyard featuring a deck, a fenced garden area, and low-maintenance landscaping-perfect for relaxing, gardening, or hosting family and friends. This property also presents an excellent investment opportunity. Previously rented for $3400 per month, it offers strong appeal for investors while remaining an ideal choice for first-time buyers or owner-occupants. Additional highlights include an attached two-car garage and a highly convenient location near shopping, restaurants, parks, Costco, Lowe's, Kaiser Permanente, and major commuter routes with easy freeway access. Move-in ready and offering exceptional value with no homeowners association, this is an opportunity you won't want to miss! *Virtually staged.*"
1188026589,numeric,"Beautifully updated 4-bedroom home nestled on a premium cul-de-sac street in the highly sought-after Corona Hills community. Situated on an elevated lot, this property captures stunning panoramic views of city lights, rolling hills, and surrounding mountains. Step inside to a bright and inviting floor plan featuring fresh interior paint, upgraded flooring, and spacious living areas designed for both comfort and entertaining. The remodeled kitchen showcases upgraded cabinetry, granite countertops, stainless steel appliances, and modern finishes throughout. Bathrooms have also been fully renovated with stylish contemporary upgrades. The home offers separate formal living and dining spaces, along with a warm and welcoming family room complete with a cozy fireplace and direct access to the backyard. Upstairs, all four bedrooms provide privacy and beautiful views, including a spacious primary suite with a walk-in closet and updated ensuite bath. The backyard is perfect for relaxing or entertaining, featuring a patio area, lush lawn, and ample space to add a pool or create your dream outdoor retreat-all while enjoying breathtaking unobstructed views. Additional highlights include an attached 2-car garage and convenient access to shopping, dining, parks, and major freeways."
1175998542,price,"NEW LOWER PRICE! OWN THE LAND - NO LAND LEASE! Here is your opportunity to enjoy TRUE LAND OWNERSHIP in the desirable Spring Knolls 55+ community! Unlike many manufactured home communities where you pay monthly space rent, YOU OWN THE HOME AND THE LAND here, plus enjoy a LOW homeowners association of approximately $95/month. This makes the property an exceptional option for buyers looking for affordability, value, and long-term ownership. This well-maintained 2-bedroom, 2-bath home offers a bright, open, and welcoming floor plan with waterproof laminate flooring throughout, fresh interior paint, energy-efficient LED lighting, and a spacious kitchen with abundant cabinetry and generous counter space. Recent plumbing upgrades add additional comfort and peace of mind. ALL APPLIANCES ARE INCLUDED - INCLUDING THE WASHER & DRYER! The home has been lovingly cared for and is ready for its next owner. Outside, enjoy a private, low-maintenance backyard with beautiful views. The home is slightly elevated in the rear, while neighboring homes sit lower, creating an added sense of privacy. The smaller yard is ideal for anyone who wants outdoor space without extensive maintenance. The side yard features mature grapefruit, apple, lemon, and mandarin trees, giving you your own little backyard orchard! Additional exterior features include AstroTurf, a security gate, an 8' x 16' storage shed, and Ring security system. Spring Knolls offers a wonderful active-adult lifestyle with amenities including a pool, spa, fitness center, clubhouse, library, BBQ areas, bingo, and year-round social activities. Conveniently located near shopping, restaurants, medical facilities, and freeway access. OWN THE LAND • NO SPACE RENT • LOW homeowners association • NEW LOWER PRICE • ALL APPLIANCES INCLUDED • PRIVATE LOW-MAINTENANCE YARD • FRUIT TREES • VIEWS Why pay space rent when you can OWN THE LAND? Come see this wonderful home and discover the value and lifestyle Spring Knolls has to offer. Schedule your private showing today!"
1176799190,numeric,"Welcome to modern desert living, a newer-construction home located behind the gates of Carmela. Built in 2021 offering 4 bedrooms, 3.5 bathrooms, 2738 square feet, plus a private casita and a dedicated office. Situated on an expansive 12000+ sq ft lot, this residence blends contemporary comfort with resort-style outdoor amenities.Upon entry, a refined foyer leads to a spacious flex area to the left, currently used as an entertainment space with a pool table, but easily suited for a formal dining room. The open-concept living room, kitchen, and dining area feature sleek cabinetry, and views of the backyard oasis.The primary suite offers generous space and natural light, with a bathroom that includes double-vanity sinks, a large walk-in shower, and a walk-in closet. Three additional guest bedrooms provide comfort for family or visitors; two share a well-appointed bathroom with double-vanity sinks. At the end of the hallway, a dedicated office offers a quiet workspace separate from the main living areas. A standout feature of the property is the private casita, complete with its own full bathroom, walk-in closet and mini-split system, ideal for guests or extended stays.The backyard delivers a true resort style experience with a pool and spa, lush landscaping, mature ficus trees, and mini olives creating privacy and tranquility. The side yard features mature olive trees, adding charm and a Mediterranean touch. Multiple areas to lounge and entertain make this outdoor space perfect for enjoying the La Quinta lifestyle."
1190152073,numeric,"Set on a cul de sac in San Jose, 6086 Blacklock Ct. offers 3 bedrooms, 2 bathrooms, and 1143 square feet of living space. This home presents an opportunity for buyers seeking a property with potential and room for updating. Bring your imagination and create a space tailored to your needs. Enjoy your own swimming pool and several nearby parks. The home offers a short commute to Downtown San Jose and Cupertino, with easy access to San Jose International Airport and nearby freeway connections. A well-located home with convenient access to key destinations, ready for its next chapter."
1170882966,numeric,"Welcome to this beautiful two-story home on a quiet cul-de-sac street in the heart of Rosemead. Conveniently located near San Gabriel Blvd with easy access to the 60 Freeway, GW Supermarket, Walmart, and local shopping centers. Step inside to a dramatic double-height entry with soaring ceilings, an elegant chandelier, and gleaming hardwood floors that flow throughout. The spacious living room features large bay windows and a charming fireplace. The generous kitchen offers ample oak cabinetry and opens to the dining area with views of the lush backyard. One bedroom and full bathroom conveniently located on the main level. Upstairs, the oversized primary suite boasts a luxurious en-suite with dual vanities, soaking tub, and separate walk-in shower. Freshly painted throughout - bright and move-in ready. The backyard is a gardener's paradise with a thriving grape vine trellis, raised garden beds, and multiple mature fruit trees. 2-car garage. No homeowners association. A must-see!"
1189805652,numeric,"Welcome to 2549 78th Avenue, a beautifully updated bungalow that perfectly blends classic character with modern finishes. This charming 2-bedroom, 1-bath home features a bright, open-concept floor plan with abundant natural light, recessed lighting, stylish flooring, and a tastefully remodeled kitchen designed for both everyday living and entertaining. Step outside to a low-maintenance backyard, ideal for relaxing & gardening. An attached garage provides additional storage and convenience. Conveniently located near shopping, parks, hiking trails, the Oakland Zoo, public transportation, and with easy access to I-580, this home offers an excellent opportunity for first-time buyers, down-sizers, or investors alike. Don't miss your chance to own this move-in ready home in Oakland."
1157306226,numeric,"Step into a rare opportunity to reimagine a character-filled Traditional home with subtle Spanish influences, ideally positioned to capture natural light and hillside views. Featuring classic French doors that open to an expansive balcony, the home offers seamless indoor-outdoor flow and a layout full of potential. The upper level includes two bedrooms, one bathroom, a spacious living room, and kitchen, while the lower level offers an additional two bedrooms, one full bathroom, a bonus room, and a second kitchen creating flexibility for extended living, guests, or potential income use.A standout feature of the property is the existing basement level, offering a unique opportunity for future expansion. Buyers are encouraged to explore the potential to finish this space and further maximize the home's footprint. Located in a centrally positioned Los Angeles neighborhood with convenient access to major studios, dining, and everyday amenities, the property sits within close proximity to Silver Lake, Echo Park, and Atwater Village some of the city's most vibrant and sought-after communities. Original hardwood floors, abundant windows, and charming architectural details provide a strong foundation for a thoughtful renovation. Whether you're an end-user looking to create a custom multi-level residence or an investor seeking a high-upside project, this property presents a rare opportunity to build equity in a prime location. Bring your vision and unlock the full potential of this versatile home."
1177577723,numeric,"Newly Renovated with City Permits | New Roof | New AC | Move-In Ready Welcome to this beautifully reimagined home, ideally nestled on a quiet street in the heart of Lake Forest. Thoughtfully redesigned with quality craftsmanship and timeless style, this stunning residence seamlessly blends modern elegance with everyday comfort. Offering 4 bedrooms, 2 bathrooms, and a 2-car garage, this highly desirable floor plan features two bedrooms on the main level and two upstairs, rare layout that provides exceptional flexibility for multi-generational living, guests, or a home office. Extensively renovated with city permits, this turnkey home showcases an impressive list of upgrades, including a new roof, new HVAC system, new electrical panel, new dual panel windows, new interior doors and hardwares, luxury vinyl plank flooring, new redesigned modern kitchen, fresh interior paint, designer lighting, a custom staircase, beautifully remodeled bathroom, and professionally landscaped front and backyard. The gourmet kitchen serves as the heart of the home, featuring elegant quartz countertops with a full-height backsplash, custom cabinetry, and brand-new Kitchen Aid appliances, including a stove, oven, and designer hood-perfectly designed for both everyday living and effortless entertaining. Upstairs bathroom has been thoughtfully renovated with designer finishes, custom vanities, premium fixtures, and modern tile work. It offers dual vanities, a spacious walk-in shower, and a sophisticated spa-inspired design. Additional improvements include upgraded garage finishes and numerous quality enhancements throughout, reflecting exceptional attention to detail in every corner of the home. Step outside to a spacious private backyard, offering the perfect setting for outdoor dining, entertaining, family gatherings, or simply relaxing in your own peaceful retreat. Enjoy the freedom of No homeowners association and No Mello-Roos, while being conveniently located near schools, shopping, dining, parks, scenic lakes, and just minutes from Irvine Spectrum, Newport Beach, Laguna Beach, the 5 and 405 Freeways, and Toll Roads. This is a rare opportunity to own a beautifully renovated, move-in-ready home in one of Lake Forest's most sought-after neighborhoods. Every detail has been thoughtfully updated, simply move in and enjoy."
1178571200,other,"Great New Price! Absolutely Stunning and Pristine! A True California ranch-style oasis tucked away on a private cul-de-sac on an oversized level lot. Situated in the Jackson Oaks community, offering four spacious bedrooms, each with scenic views, two primary suites on opposite wings of the home. Fresh landscaping, colorful gardens, meandering walkways, and large front porch create inviting curb appeal. Double doors to a formal entry, elegant lighting, and sunken living room overlooking yard. The dining room features valley, western hill, and sunset views, plus an adjacent, central wet bar. The open kitchen and family room showcase vaulted beam ceilings, a wood-burning fireplace with floor-to-ceiling stonework, stainless steel appliances, stylish tile finishes, abundant natural light, and sliding glass doors to the backyard. Designed for entertaining, the level yard includes a recently refinished free-form pool and plenty of space for outdoor activities. Additional highlights include three full baths, walk-in closets, skylights, recessed lighting, central air conditioning, indoor laundry, water purification system, oversized two-car garage with storage, extra parking for oversized vehicles or a boat, and craftsman touches throughout. Community pool and clubhouse access complete the offering."
1177666601,numeric,"Welcome to this updated two-story townhouse in the intimate Larson Park Villas community. Offering approximately 1070 square feet, the home features two spacious primary suites and two and one-half bathrooms, providing a comfortable and flexible layout. Vaulted ceilings enhance the open living space, while the remodeled kitchen includes wood cabinetry, granite countertops, and convenient bar seating. The dining and living areas flow together around an inviting fireplace, with glass doors opening to a private front patio that is ideal for relaxing or entertaining. Additional highlights include crown molding, central air conditioning, a walk-in closet, in-garage laundry hookups, direct access to an attached two-car garage, and one additional assigned parking space in front of the garage, providing parking for three vehicles. Plumbing was just upgraded last year! Conveniently located near Little Saigon, Garden Grove's Koreatown, and Rodeo 39 Public Market, residents can enjoy easy access to a wide variety of restaurants, bakeries, cafes, specialty markets, shopping, and cultural destinations. The home is also close to schools, parks, and the 22 Freeway for convenient travel throughout Orange County."
1190653885,numeric,"Prime Riverside Investment Opportunity - Two Homes on an Expansive Lot! Exceptional investment opportunity in Riverside! Located at 10351 & 10353 Wells Avenue, this unique property features two separate homes on an impressive 31363 square feet. lot, offering tremendous potential for investors and multi-generational living. The property currently provides existing rental income from two well-maintained units, while the expansive lot presents an exciting opportunity to explore the possibility of adding one or two additional units (Buyer to independently verify development/building potential, zoning, permits, and requirements with the City of Riverside). The front home offers a spacious and inviting living room with recessed lighting and a cozy fireplace, tile and laminate wood flooring, upgraded maple cabinetry, a mini-split HVAC system, pantry/utility room, one-car attached garage, and washer/dryer hookups. Enjoy your own private patio and yard-perfect for relaxing or entertaining family and friends. The rear unit also features upgraded maple cabinetry, washer and dryer hookups, a private yard, and a mini-split HVAC system. Both homes have been thoughtfully upgraded and are well cared for by the current tenants. Additional highlights include a roof replacement completed in 2022 and an abundance of parking, with plenty of room for multiple vehicles, trucks, RVs, recreational toys, and more. Conveniently located near freeways, Galleria Mall, shopping centers, restaurants, and everyday amenities, this property combines current income-producing potential with valuable future possibilities. Opportunities like this are hard to find! Whether you're looking to expand your investment portfolio, generate rental income, or take advantage of the property's substantial land and development potential, this Riverside property is worth a closer look. Please DO NOT disturb Tenants."
1173052207,numeric,"Introducing the first opportunity to own within an exclusive new collection of just four contemporary townhomes in West Hollywood. Located at 1245 Formosa Avenue, these thoughtfully designed residences offer private direct elevator access from attached garages, expansive private rooftop decks, and stunning views of the Hollywood Sign, Griffith Observatory, Downtown Los Angeles, and the Hollywood Hills. Designed for those who want the best of West Hollywood with the privacy of home, Unit B seamlessly balances West Hollywood accessibility with elevated everyday living, where you can work from home, walk to dinner, and watch the sunset from your rooftop. Spanning 1690 square feet across four thoughtfully designed levels, this 3-bedroom, 3.5-bath residence is designed for the way people actually live today. Wide-plank hardwood flooring, quartz countertops, designer fixtures, and a premium Thermador appliance package create a refined and welcoming interior, while expansive picture windows fill the home with natural light and frame iconic city vistas. Each bedroom features its own ensuite bathroom, providing exceptional comfort and privacy, complemented by a dedicated laundry room, built-in wine refrigerator, EV-ready wiring, Bay home monitoring system, dual-zone HVAC, and enhanced sound attenuation throughout. Designed for those who want the best of West Hollywood with the privacy of home, Unit B is made for the way you actually live, whether that means hosting friends for dinner, working from home or enjoying a slow Sunday with nowhere to be. The extraordinary private rooftop retreat serves as a true extension of the living space, complete with a built-in BBQ and outdoor kitchen, offering the perfect setting to entertain, dine al fresco, and take in panoramic views stretching across Los Angeles, from the Hollywood Sign and Griffith Observatory to Downtown LA and the Hollywood Hills. It even includes a dedicated turfed area, because your dog deserves a rooftop too. Just moments from the best of West Hollywood, start your morning with a matcha from Thunderbolt, grab a smoothie from Laurel Hardware, meet friends for drinks at Chateau Marmont, or enjoy dinner just a few blocks from home, all before returning to your own private sanctuary above the city."
1174608765,numeric,"17650 Olson Place is situated in a beautiful gated community and offers peaceful living on 2.72 park-like acres. The main residence features 4 bedrooms and 3.5 baths, including a luxurious primary suite complete with a spacious retreat area and a huge walk-in closet. Additional highlights include a beautiful laundry room and a huge three-car garage with ample space for vehicles, storage, and hobbies. Designed for both everyday living and entertaining, the gourmet kitchen opens to a beautiful deck overlooking the meticulously maintained grounds, creating the perfect setting for gatherings or quiet evenings surrounded by nature. An additional guest unit with its own private entrance features 1 bedroom, 1 full bath, and a fully equipped kitchen, making it ideal for multigenerational living, extended family, guests, or potential rental income. Surrounded by mature landscaping and serene outdoor spaces, this exceptional property offers the perfect blend of privacy, comfort, and tranquility in an exclusive gated setting."
1147464957,price,"Nestled on one of the most desirable cul-de-sac streets in the gated community of Brenna, this beautifully maintained home offers refined comfort and exceptional privacy. Step inside to an inviting entry accented by a slab-granite pony wall, leading to a separate formal dining room and a spacious great room complete with custom built-ins, media niche, and cozy fireplace.The gourmet kitchen is designed for both everyday living and effortless entertaining, featuring slab-granite countertops, stainless steel appliances, a gas cooktop with pot filler, and convenient pull-out cabinet drawers.With 4 bedrooms and 3.5 baths, this home includes a standout feature: the fourth bedroom has been transformed into a luxurious private casita with its own entrance, kitchenette, full bath, dedicated HVAC mini split, private stackable laundry and more-ideal for guests, multigenerational living, or rental potential.Additional interior highlights include tile flooring throughout the main areas, carpeted bedrooms, plantation shutters, a home security system, and surround sound with speakers throughout.Step outside to a lushly landscaped yard with an in-ground sprinkler system and a stunning pebble-tec pool with umbrella stand, spa, and waterfall, perfect for enjoying the desert lifestyle.Located in a highly sought-after Palm Desert neighborhood close to top-rated schools, parks, shopping, dining, and entertainment. Low homeowners association of just $120/month. Energy-efficient home with a solar system-buyer to assume the existing solar loan, offering long-term utility savings"
1151236845,numeric,"Prime downtown living at Diamond Terrace, located directly across the street from Petco Park. This well-appointed 1-bedroom condo offers an open, light-filled layout ideal for both comfortable living and entertaining. The kitchen flows seamlessly into the living area, while the spacious bedroom provides a relaxing retreat from the city energy. Enjoy a secure, boutique-style community in one of San Diego's most walkable locations-steps to the Gaslamp Quarter, Marina District, dining, nightlife, waterfront, and public transit. Perfect as a primary residence, second home, or investment opportunity, this condo places you at the center of downtown San Diego's vibrant lifestyle. Live Where San Diego Comes Alive - Diamond Terrace at Petco Park Welcome to this beautifully positioned 1-bedroom condo in the iconic Diamond Terrace, located directly across the street from Petco Park in the heart of downtown San Diego. This is urban living at its finest-step outside your door and you're instantly surrounded by world-class dining, nightlife, waterfront attractions, and year-round entertainment. Inside, the residence offers a smart, open layout filled with natural light, perfect for both everyday living and entertaining. The kitchen flows seamlessly into the living area, while the spacious bedroom provides a comfortable retreat from the city energy below. Whether you're enjoying a quiet night in or hosting before a game or concert, this home delivers flexibility and style. Diamond Terrace is a secured, boutique-style community known for its unbeatable location and walkability. Enjoy easy access to the Gaslamp Quarter, Marina District, Seaport Village, and trolley stations-no car required. Ideal as a primary residence, second home, or investment opportunity, this condo places you at the center of everything San Diego has to offer. If you've been looking for a home that captures the excitement, convenience, and lifestyle of downtown living-this is it."
1169792127,price,"DEVELOPMENT DEAL. Prime Development Opportunity R3 Lot with Partial RTIAn exceptional opportunity for developers and investors! This R3-zoned lot comes with a partially RTI (Ready-To-Issue) permit, having already passed Planning and currently awaiting approval from the Building and Safety Department. The proposed project is sited for a 20-unit build, consisting of 16 primary units plus 4 ADUs on the ground floor, maximizing the lot's development potential.Located in a high-demand area with strong rental upside, this property is ideal for those looking to capitalize on Los Angeles's growing need for multi-family housing, with much of the entitlement process already completed, this is a rare chance to step into a nearly shovel-ready development with significant upside.Don't miss this outstanding investment opportunity to build a high-yield asset in a desirable neighborhood. The home currently is a Single Family. Floors have been redone, home has been painted inside and out, new Kitchen, new bathrooms, has never been lived in. Large lot of almost 7000 square feet with a newly constructed backyard. This beautiful home is move in ready. Location is ideal, min from Beverly Grove and a few blocks from Freeway. Easy to show and could be leased furnished as well. Already cash flowing at $5000/ month with tenant in place until January 2027"
1189633817,numeric,"Set on a large corner lot in the upscale neighborhood of Moonridge in the city of Big Bear Lake, this spacious retreat located at the foot of Bear Mountain Ski Resort, above Bear Mountain Golf Course & near Snow Summit Ski Resort. It offers the perfect setting for year-round enjoyment, from snowy winter getaways to cool summer evenings spent outdoors on Big Bear Lake. Designed with multiple living & sleeping areas, outdoor entertaining space & beautiful mountain views, the home is equally suited for weekend escapes, extended stays or gathering with family & friends. Inside, luxury vinyl plank flooring opens to a dramatic living & dining space highlighted by vaulted wood-beamed ceilings & a river-rock fireplace with an oversized wood mantel. A soaring wall of windows fills the room with natural light while framing views toward Bear Mountain. Head outside to the entertaining deck, where there is plenty of room for outdoor dining, grilling & relaxing in the mountain air. A private hot tub makes this an inviting space after a day on the slopes or trails while enjoying the breathtaking views & forest aroma. The adjoining kitchen features wood cabinetry, stone tile countertops, a 5-burner large gas range, double ovens, refrigerator, range hood & built-in microwave. Also on the main level is a full bathroom with a large picture window, a dedicated laundry room with utility sink & storage & a spacious bedroom with a wall of closets & mountain views. Upstairs, a large loft creates an impressive multipurpose space currently designed as a game room with a pool table. Wood-beamed ceilings add character, while the adjoining bathroom features granite countertops, a separate vanity area & a tiled shower with a multi-spray system. A wall of closets provides additional storage, making the loft equally well suited as an additional sleeping or gathering space. The lower level offers 2 more generously sized bedrooms & additional bathroom accommodations. One bedroom enjoys direct access to a private outdoor covered deck & an attached ensuite bathroom with a shower & tub combination, while abundant closets provide plenty of room for mountain gear & everyday necessities. The attached 2-car garage boasts built-in cabinetry & direct interior access. With flexible living spaces, multiple outdoor areas, a hot tub, mountain views & abundant room for family & guests, this inviting Big Bear home captures what mountain living is all about: a place to gather, unwind & enjoy every season."
1179217153,numeric,"One of the best locations in the complex! VA Approved condos. Nestled among mature landscaping in the highly desirable Adobe Falls community, this light and bright upstairs end-unit features soaring vaulted ceilings. An excellent opportunity for first-time homebuyers, investors, or those looking to complete a 1031 exchange. Located just minutes from SDSU, this 2-bedroom condo offers outstanding potential as a student rental or long-term investment. The condo includes one deeded parking space (#3) plus an additional rented parking space that may be transferred to the new owner. Newer dual-pane windows, laminate flooring in the kitchen and dining area, tiled bathrooms, and a convenient in-unit laundry closet with washer and dryer included. Enjoy your private balcony with an attached storage closet, perfect for relaxing outdoors. Adobe Falls is a beautifully maintained community featuring a sparkling pool, spa, clubhouse, lush landscaping, and a responsive homeowners association. homeowners association dues include water, trash, common area maintenance, roof maintenance, and exterior building maintenance. Ideally located near Mission Valley shopping, countless restaurants, and SDSU, this home is adjacent to the highly desirable Del Cerro and San Carlos communities, known for their established neighborhoods, scenic hiking and biking trails, and exceptional central location. Enjoy convenient access to Interstate 8, Highways 15 and 125, making commuting throughout San Diego a breeze. You'll also be approximately 15 to 20 minutes from Mission Beach, Pacific Beach, and many of San Diego's world-famous beaches (traffic permitting), as well as close to downtown, Qualcomm Stadium redevelopment (Mission Valley), shopping, entertainment, and major employers. Whether you're a first-time buyer, investor, or completing a 1031 exchange, this home offers an unbeatable combination of affordability, convenience, lifestyle, and future upside. Don't miss this opportunity to build equity in one of San Diego's most desirable central locations!"
1179699894,price,"Investor Opportunity leased for $2550 a month. Stunning second-floor, two-bedroom one-bath condo, extensively remodeled with brand-new appliances, 2 parking spaces, close to 405 freeway A fantastic investment opportunity, don't miss your chance to call this home yours!"
1190158289,other,"Beautiful move-in ready three-bedroom with a loft, two-and-a-half bath, single-family home. Open floor plan, lots of natural light. Living room with a fireplace, kitchen with wood cabinets, granite counters, and an island with seating. Upstairs, the primary suite has a big walk-in closet, well-appointed en-suite with dual vanities, soaking tub, and separate shower. Two more bedrooms, second bath with dual sinks, laundry on the second floor. Big two-car garage.The community has pools, spas, clubhouse, fitness center, tennis courts, trails. Near shopping, dining, schools."
1190816171,numeric,"Gorgeous large open concept 3-bedroom, 2 bath home overlooking San Diego. Tucked away on the hills on an extra-large lot, this property is all about space, views, and truly enjoying indoor and outdoor living. Built in 2013 and recently renovated down to the studs. Nothing was overlooked! The open-concept dome home features large comfortable rooms maximizing natural light. Walk-in to the bright and awe-inspiring family room with 20+ foot ceilings and geodesic patterns reminiscent of a starry observatory. The main floor features a large and open custom kitchen with garden views, new custom wood cabinets, elegant quartz countertops, stainless steel appliances, coffee bar, wall pantry, and more. You'll also enjoy having 2 large bedrooms, a brand new large full bathroom, a storage closet, and a cozy sitting area off the family room that leads you directly to one of the surrounding outdoor decks. Your private main suite is located upstairs with your own extra-large bath and access to the bonus copula offering some of the best panoramic views around. The outdoor space is equally as amazing and private featuring multiple deck areas, a large garden and cozy sitting area just off the kitchen, and an extra large flat upper lot with its own great views a 12*12 shed, and large concrete pad with plenty of space for activities, entertaining space, build a second home, ADU, or workshop. An extra large 2-car garage located off the lower of the 2 driveways which offer plenty of parking for multiple vehicles, RV, and toys. The home features high energy efficient rockwool insulation, waterproof LVP flooring, energy-efficient ductless heating and cooling, new paint, light fixtures, fire sprinkler system, new doors, exterior cladding and more. If you are tired of old cookie-cutter homes with no character in tightly fitted crowded lots this is the breath of fresh air home you've been looking for."
1183727284,numeric,"Architectural modern masterpiece featuring 4 bedrooms, 4.5 bathrooms, and nearly 3900 square feet of living space, situated on a sprawling 8000 square feet corner lot. Thoughtfully designed with elevated finishes and contemporary sophistication throughout, this exceptional residence offers the ultimate California indoor-outdoor lifestyle. Inside, the open-concept floorplan is highlighted by soaring 11-foot ceilings, recessed lighting, rich wood flooring, custom built-ins, and an abundance of natural light. A striking custom water art piece at the entrance creates an unforgettable first impression, setting the tone for the home's refined design. The chef's kitchen is equipped with top-of-the-line appliances, marble countertops, an expansive center island with built-in bench seating, a breakfast bar, and an adjacent dining area perfect for both everyday living and entertaining. The spacious living room features a custom fireplace and pocket doors that seamlessly blend the indoors and outdoors, creating effortless flow to the resort-style backyard. Designed as a private oasis, surrounded by massive privacy hedges, the outdoor space features a sparkling pool with spa, and a built-in BBQ area ideal for entertaining year-round. Additional highlights include a custom wine cellar, multiple entertaining spaces, and smart home functionality throughout. The downstairs bedroom offers privacy and flexibility for a home office. Upstairs, the remaining three bedrooms include the luxurious primary suite showcasing a custom-built walk-in closet and a spa-inspired en-suite bathroom with a dual vanity and a wet room with dual shower heads. Completing the home is a sprawling approximately 844 square feet rooftop deck featuring an outdoor kitchen and bar with sweeping city views and breathtaking sunsets, creating the ultimate entertainer's retreat. Additional premium features include an attached finished two-car garage and a fully integrated smart home system controlling central air and heat, security system, lighting, pool, surround sound, and more. An entertainer's dream with impeccable attention to detail and modern luxury at every turn."
1191045380,price,"Live in one residence while renting out the other for additional monthly income. Beautifully renovated in 2022, this versatile property features a 3-bedroom, 3-bath main residence with an attached 2-bedroom, 1-bath ADU, presenting an exceptional opportunity for both owner-users and investors. The approximately 1900 square feet. main residence offers high ceilings, abundant natural light, generously sized bedrooms, and a spacious, private and secure yard surrounded by mature trees. The primary suite is highlighted by its own private balcony with mountain views, while two additional bedrooms offer ample space and convenient access to separate bathrooms. Currently tenant-occupied on a month-to-month basis at $5950 per month, the main residence can be delivered vacant, giving a new owner the flexibility to move in or continue generating rental income. The approximately 600 square feet. ADU offers a charming 2-bedroom, 1-bath layout and is currently leased for $2350 per month, providing an immediate additional income stream. The ADU rent is below market value with potential for increase. Together, the two residences currently generate $8300 per month, or $99600 annually in gross rental income, creating a compelling opportunity to enjoy the property as a primary residence while offsetting ownership costs with rental income, or maintain both residences as income-producing assets. Additional amenities include a private garage exclusively serving the main residence, driveway parking for two vehicles with one space currently utilized by the ADU as well as ample street parking. The property underwent extensive improvements in 2022, including updated electrical, plumbing, drywall, windows, lighting, driveway, kitchens, bathrooms, and more. A rare opportunity to acquire a substantially renovated, dual-residence property offering exceptional flexibility and income potential. Move into the main residence and benefit from immediate ADU rental income, or take advantage of the property's existing income-producing configuration. A unique offering and a must-see for the area."
1178414947,numeric,"homeowners association dues have already been paid through the end of 2027, providing the new owner with significant savings from day one. Rarely does a condo combine this much space, timeless style, and quality craftsmanship. Completely remodeled from top to bottom, this stunning 3-bedroom, 2.5 bath & 2.5 car garage Mission Oaks residence offers nearly 1800 square feet of beautifully updated living space. The open concept floor plan is has soaring vaulted ceilings with beautiful wood beam accents, creating an inviting atmosphere that truly feels like home. Rich hickory hardwood flooring flows seamlessly throughout, complemented by natural light, fresh interior paint, and a cozy wood-burning fireplace. The beautifully redesigned kitchen is both elegant and functional, featuring brand-new stainless steel appliances, quartz countertops, custom cabinetry, designer finishes, and modern lighting. Every bathroom has been thoughtfully reimagined with timeless designer touches, including custom tile, brand new vanities, updated fixtures, and extra-tall showerheads with handheld sprayers for a spa like experience. Additional upgrades include brand-new dual-pane windows, new central air conditioning, & furnace, new ceiling fans, and quality finishes throughout, giving you piece of mind for years to come. The attached two-car garage features a full-size laundry area, an additional storage room with window and fan, and direct access to the home for added convenience. Ideally located just steps from the community pool and with quick access to Hwy 76. This home offers the perfect blend of comfort, convenience, and style. Although technically a condo, this home lives like a spacious single-family residence. Every detail has been thoughtfully completed with timeless finishes designed to be just as beautiful years from now as they are today. All that's left is to move in, unpack, and start making memories in a place you'll be proud to call your own."
1190768489,price,"Welcome to THE GRAND, the new definition of luxury living in Coronado. This residence is defined by a magnificent terrace - a dramatic outdoor sanctuary designed for grand-scale entertaining, soirees, & seamless indoor-outdoor living. Complete with a one-car garage plus tandem parking & storage, this home is designed to be both your serene escape & an unforgettable gathering place. Perfectly positioned in the heart of Coronado, enjoy front-row views of the 4th of July and Christmas parades, steps from Spreckels concerts and the island's finest dining and downtown. Inspired by the timeless grandeur of Coronado's architecture, THE GRAND was designed by AIA award winning architect Christian Rice. Residents will have an option to enjoy exclusive membership access to one of the world's most celebrated beachfront resorts, the Del Club at the Hotel Del Coronado, seamlessly paired with the Hotel Del's resort-style amenities creating a natural extension of luxury living*. More than a residence. A private retreat. A lifestyle beyond compare. The Grand Coronado, a boutique collection of 12 luxury residences masterfully designed by AIA award winning architect Christian Rice. Each home offers its own unique features, allowing you to choose the residence that best fits your lifestyle. Each residence offers single-level living for exceptional comfort and ease. The building includes a central elevator, with three select residences enjoying direct, private elevator access. Additional conveniences include a trash chute, dedicated storage spaces, and thoughtfully planned parking. Each residence includes two parking spaces, with a mix of private two-car garages and tandem configurations. The floorplans are exceptionally well designed, with 11 of the 12 residences offering three bedrooms, and featuring 2, 2.5 or 3 bathrooms, all en-suite. Only three exclusive residences boast private rooftop decks, offering elevated outdoor living and captivating views. Every residence is turn-key, brand new, and impeccably appointed, showcasing a curated collection of elevated design elements...warm, sophisticated neutral palettes, premium quartz surfaces, polished nickel fixtures, heated bathroom floors for year-round indulgence, and customized designer-selected finishes throughout. homeowners association dues are estimated at $850 per month. Perfectly situated near everything that defines the Coronado lifestyle, The Grand offers a rare opportunity to enjoy luxury, convenience, and timeless design in one of the most desirable locations on the island. Materials, specifications, plans, pricing, designs, schedules, and delivery dates may change without prior notice. All renderings, photos, and illustrations are conceptual and may not reflect the final features or views. The information provided is not guaranteed to be accurate, complete, or suitable for any particular purpose. * Del Club membership is contingent upon approval by the Del Club and shall be at The Del Club's discretion."
1159853389,numeric,"Welcome to this beautifully maintained 3 bedroom, 2.5 bathroom home located in a desirable gated Winchester community near Menifee, local wineries, schools, shopping, dining, parks, and major commuter routes. Built in 2018, this newer home offers approximately 1925 square feet of living space with a smart, functional layout designed for modern living. Public records show the home as a 3 bedroom residence with approximately 1925 square feet and a 2018 build year. Step inside to an open floor plan featuring granite countertops, stainless steel appliances, a spacious kitchen pantry, and a comfortable dining and living area that flows naturally to the private back patio. Whether hosting family, entertaining friends, or enjoying a quiet evening at home, this home offers the space and comfort buyers are looking for. Upstairs, you will find a versatile loft that can be used as a second living area, office, playroom, media space, or homework station. The large primary bedroom offers a peaceful retreat with a walk in closet and spacious en suite bathroom. The upstairs secondary bathroom includes double sinks, making daily routines easier for families or guests. The backyard patio provides a low maintenance outdoor space perfect for relaxing, barbecuing, or enjoying Southern California evenings. The home is ideally positioned near the community pool, spa, and tot lot, giving you resort style amenities just steps from your front door. The gated community adds comfort and privacy while still keeping you close to everything Winchester, French Valley, Menifee, and Temecula Valley have to offer. The location is a major highlight. You are close to schools, Stater Bros, Starbucks, restaurants, parks, and the growing retail and new construction expansion throughout the Menifee and Winchester corridor. Nearby areas continue to see strong new home development, adding to the area's long term appeal and growth. Enjoy convenient access to Winchester Road, Domenigoni Parkway, Highway 79, I 215, and surrounding employment centers. Just a short drive to Temecula wine country, Menifee shopping, Murrieta, Lake Elsinore, & greater Southwest Riverside County. Looking for a newer home with a gated community feel, upstairs loft, walk in pantry, large primary suite, walk in closet, double sink bathroom, private patio, and amenities near the pool, spa, and tot lot, this is the one."
1179281690,numeric,"Welcome to 12750 Centralia St. #81 in Lakewood! This inviting 2-bedroom, 1-bath condo offers 1056 square feet of comfortable living space along with a long list of recent upgrades. The spacious living area features new laminate flooring, abundant natural light and a cozy fireplace, while sliding glass doors open directly to your private patio and the beautifully landscaped community grounds. The updated kitchen features new countertops and new appliances, and a new HVAC system provides year-round comfort. One of the highlights of this home is the outdoor setting-step onto your patio and enjoy the peaceful surroundings, water features and easy access to the community pool and relaxing spa. Additional conveniences include your own full-size washer and dryer in a private covered laundry closet just outside the unit, plus covered parking nearby. The homeowners association community offers a sparkling pool, spa, tennis courts and beautifully maintained landscaping throughout.Updated, spacious and surrounded by a relaxing resort-style atmosphere, this Lakewood home offers a wonderful combination of indoor comfort and outdoor living."
1185586815,numeric,"Great Opportuity! This Fixer offers 2 bedroom 1 bath home that sits on a spacious lot with plenty of potential. Whether you're looking for a property to make your own or investors looking for the next investment, this home offers a fantiastic opportunity."
1187183215,price,"Seller open to entertain offers between $399000 - $419000. Welcome to Diamond Terrace, where the best of Downtown San Diego is right outside your door. This move-in ready residence puts you just steps from Petco Park, the Gaslamp Quarter, restaurants, coffee shops, nightlife, the Convention Center, the Marina District, and more. Inside, you'll find a bright, open layout with a spacious living area and oversized bedroom. The upgraded kitchen features custom cabinetry, stainless steel appliances, and a walk-in pantry, while luxury vinyl flooring, fresh paint, and an in-unit washer and dryer add everyday convenience. Diamond Terrace offers secure access, gated parking, a fitness center, and a rooftop deck with BBQs and panoramic views of Petco Park and the Downtown skyline. With one of the lowest price points in Downtown San Diego, this is an opportunity to own in the heart of the city without compromising on location or lifestyle. Come see why this one stands out."
1170120769,numeric,"Tucked in the mountains with a front-row seat to the lake, this beautifully positioned condo offers the perfect mix of relaxation, convenience, and Big Bear charm. Featuring 2 bedrooms and 2 bathrooms, the layout is warm and inviting with natural light, cozy living spaces, and easy access to everything the mountain lifestyle has to offer. Whether you're looking for a weekend escape, full-time mountain living, or an investment opportunity, this property checks the boxes. Enjoy peaceful mornings with lake views, quick access to the Village, marinas, ski resorts, hiking trails, and all-season adventure right outside your door. Opportunities like this in such a prime lakeview location don't come around often."
1174443509,numeric,"Welcome to 39991 Falcon Way, a beautifully maintained home nestled in the established Alta Murrieta neighborhood. Offering approximately 1750 square feet of thoughtfully designed living space, this residence combines comfort, functionality, and an ideal location. Natural light fills the main living areas, creating a warm and inviting atmosphere for everyday living and entertaining. The kitchen flows easily into the dining and living spaces, while a cozy fireplace adds the perfect touch for relaxing evenings at home. The spacious primary suite provides a private retreat with a walk-in closet, dual sinks, a soaking tub, and a separate shower. A second upstairs bedroom features its own walk-in closet and private bathroom, offering comfort and privacy for family or guests. A full bedroom and bathroom on the main level adds flexibility for visitors, multigenerational living, or a dedicated home office. The backyard is designed for easy enjoyment with low maintenance landscaping, providing a peaceful space to unwind or entertain without the upkeep. An attached two-car garage and close proximity to shopping, dining, parks, highly rated schools, and convenient freeway access complete the package. Rare financing opportunity. Eligible VA buyers may have the opportunity to assume the seller's existing VA loan, potentially securing an interest rate well below today's market rates. Loan assumption is subject to lender approval and buyer qualification."
1169557165,price,"This stunning 3-bedroom and a loft, 2.5-bathroom home has been thoughtfully updated with approximately $300000 in upgrades throughout such as custom kitchen cabinets, marble and vinyl wood flooring, double pane windows, bay window, custom shades, shutter and draperies, bathroom marble backsplash, custom iron gates and low maintenance landscaping front and back, all blending modern style with comfort. The master bedroom access to a spacious 285 square feet terrace through a French doubled-door creates a luxurious private retreat overlooking the delta The gourmet kitchen updated with premium quartz counter-tops, featuring sleek stainless steel appliances & contemporary finishes. The spacious living room, with its vaulted ceilings, offers a grand entrance, while the formal dining room provides the perfect setting for family meals or entertaining guests. The open-concept family room and kitchen area create an inviting space for gatherings. Step outside to your private spacious 9600 square feet backyard oasis, where a covered patio and custom iron gates awaits for relaxing outdoor meals or simply some privacy unwinding after a long day. The expanded backyard has room for a potential ADU (buyer to verify). The rare spacious side yard offers exceptional flexibility for play area, storage, your dream workshops or additional parking. Conveniently located walking distance across the BART station and Oak Hills shopping center and the new San Marco Sprout shopping center. No homeowners association or Mellow-roos fees."
1176554415,numeric,"Featuring 3 bedrooms, including 2 master suites, 3 full bathrooms, a large bonus room, a living room with dining area, a separate family room, and a spacious kitchen with a breakfast area, this home offers plenty of room for comfortable living. The property also offers ample parking and plenty of space for family gatherings and guests. This home has been lovingly maintained and is ready for its next owner. If you're looking for space, comfort, and value, this is a property you won't want to miss."
1173135278,price,"FLASH SALE! Summer is behind us, and we are looking for our BEST buyer! This home offers space, upgrades, and a versatile floor plan you won't want to miss. BRING US YOUR BEST OFFER-you will not be disappointed! With 2224 square feet., 3 large bedrooms, a HUGE bonus room/loft, plus a downstairs office, this newer home lives like a single story-and that is hard to find! You'll love the $30000 Farmhouse Collection upgrades in the kitchen and baths, luxury flooring, soaring ceilings, and a backyard already upgraded with turf, rock, irrigation, and a hot tub with a chiller for year-round enjoyment. Leased solar adds energy efficiency and lower utility costs. Located in Aguila at Terra Lago, residents enjoy gated living with convenient access to shopping, dining, golf, Acrisure Arena, and the Coachella and Stagecoach festival grounds. This community also allows short-term rentals. This move-in-ready home combines premium builder upgrades with exceptional outdoor living schedule your private showing today!"
1166125330,numeric,"Major price reduction! The home you've been waiting for in Encino! Welcome to California warmth and contemporary elegance in this thoughtfully designed 5400 square feet, 6 Bedroom, 7 Bathroom estate. Situated on a beautifully flat and private gated lot surrounded by majestic oak trees, this one-of-a-kind home was crafted with custom finishes and timeless architect. From the moment you arrive, the home's presence is undeniable. A hand-laid cobblestone driveway sets the tone for the attention to detail you'll find throughout. Inside, natural light pours into open, airy living spaces that flow effortlessly offering the ideal setting for both quiet moments and entertaining. Lutron-controlled lighting on the windows let you tailor the ambiance and privacy. The foyer greets you with soaring ceilings extending into the formal living room with seamless indoor-outdoor access through Fleetwood sliding doors. The formal living room and family room are elegantly connected by a dual-sided, see-through fireplace adding warmth, ambiance, and a touch of luxury to both spaces. Host unforgettable dinner parties in the formal dining room, complete with a stunning custom glass wine display. The open-concept family room offers the ultimate everyday comfort with custom built-ins and effortless connection to the kitchen and access to outdoors. The gourmet eat-in kitchen is a chef's dream, equipped with premium Wolf and Thermador appliances, custom cabinetry, and an oversized island perfect for gathering and entertaining. The first level features three bedrooms, including a suite with Fleetwood doors that has direct access to the backyard pool area, perfect for guests, in-laws, or a gym. Upstairs, you'll find a versatile loft area and media room with Dolby Atmos surround sound for an immersive cinematic experience. The primary suite feels like a true retreat. French doors greet you at the entrance, opening to a serene sanctuary featuring dual walk-in closets, a cozy fireplace, and a spa-inspired bathroom with soaking tub, dual vanities, double shower, and a private water closet. Step out onto your own private balcony with an outdoor fireplace, an ideal space to begin your day with coffee or end your day in peace and luxury. Two additional upstairs bedrooms are generously sized and beautifully appointed. Step outside to a serene, private backyard with premium low-maintenance turf designed for sophisticated entertaining and relaxation. Experience elevated outdoor living with a peaceful fire pit area, resort style pool and spa, featuring a Baja shelf, outdoor kitchen and BBQ, ideal for weekend gatherings or quiet evening unwinds. The poolside cabana has a TV and full bathroom which could be converted into an ADU, offering even more flexibility. Cutting-edge smart home automation puts lighting, climate, security, and entertainment at your finger tips, integrated seamlessly into a home defined by luxury craftsmanship and high-end finishes throughout, sets this home apart from the ordinary. Located on a quiet, desirable street, this estate delivers comfort, style, and versatility in one of Encino's most coveted pockets. If you've been searching for something beyond the expected- Welcome home!"
1178034471,other,"Thoughtfully designed and beautifully executed, this stunning estate embodies timeless elegance while offering exceptional comfort and effortless functionality for modern living. A dramatic entry with soaring ceilings sets the tone, complemented by hand-scraped hardwood floors and Venetian plaster walls and ceilings that carry throughout the home. The formal living room boasts a beautiful fireplace and two sets of French doors to the back yard oasis and seamlessly connects to the formal dining room with walls of glass and a built-in beverage station with wine fridge, perfect for entertaining. The chef's kitchen is the heart of the home with top of the line stainless steel appliances, a large center island with prep sink and bar seating, abundance of storage and a sunlit casual dining area that flows seamlessly into the expansive family room and out to the backyard, creating a true indoor-outdoor lifestyle experience. The main level also features a richly paneled executive office, two powder bathrooms and a ensuite guest bedroom. Upstairs, the luxurious primary suite serves as a serene retreat, featuring a private balcony, cozy fireplace, spa-inspired bath, and a custom walk-in closet with its own dressing area. Two additional bedrooms share a hall bath and a spacious bonus room offers exceptional flexibility for a media room, fitness studio, or playroom. Just beyond, the temperature-controlled wine cellar and tasting room, capable of housing over 2000 bottles, creates a true collector's experience. The resort-style grounds are designed for year-round enjoyment, showcasing a sparkling pool and spa with safety covers, a bocce court illuminated by string lights, and multiple gathering areas for entertaining. The outdoor kitchen is equally impressive, featuring a Lynx pizza oven, DCS BBQ with rotisserie, and an outdoor refrigerator, perfect for effortless al fresco dining. A fire pit and level lawn complete the setting. Additional highlights include copper gutters, recently installed vanity countertops and wool carpeting, an oversized three-car garage with epoxy flooring, ample storage, and custom walnut built-ins in every closet. Owned solar and two generators provide added efficiency and peace of mind. Ideally located just minutes from downtown Lafayette and Walnut Creek, BART, commute routes, scenic trails, and top-rated schools!"
1179105175,numeric,"Set behind a long driveway at the end of a cul-de-sac, at the top of a hill, this beautifully transformed Woodland Hills property offers an exceptional blend of scale, privacy, modern comfort, and versatility on an expansive approximately 0.52-acre lot. The approximately 3600 square feet. main residence features 4 bedrooms and 4.5 bathrooms, complemented by a new approximately 600 square feet. ADU with 1 bedroom and 1 bathroom, plus an additional 1 bathroom serving the pool, creating an ideal setup for extended family, guests, a private workspace, or additional living flexibility. Inside, the home showcases a thoughtfully remodeled interior with an open floor plan, high ceilings, recessed lighting, and generous natural light. The chef's kitchen is designed for both everyday living and entertaining, featuring a large center island, stunning porcelain slab countertops, premium Thermador appliances, and custom cabinetry. The kitchen opens directly to the family room, creating an inviting central gathering space in the heart of the home. The spacious living room is anchored by a wood-burning fireplace, while the main-level bedroom configuration offers convenience and flexibility. The primary suite features an upgraded bathroom with dual sinks, along with additional thoughtfully updated bathroom finishes throughout the home. A dedicated laundry room, central air conditioning, central heat, tile and vinyl flooring, and an attached two-car garage add to the home's everyday functionality. Outside, the expansive grounds provide exceptional room to enjoy and entertain, including a private in-ground pool, outdoor kitchen, and open patio areas. This home combines the space and privacy of an estate with the modern upgrades and flexibility built for Los Angeles living."
1189275399,other,"Discover sophisticated urban living at Savoy, a premier condominium community ideally located in the vibrant heart of Little Tokyo and the Arts District in Downtown Los Angeles. Enjoy the convenience and excitement of city living while experiencing resort-style amenities designed for comfort, relaxation, and modern living. Savoy offers seamless access to the Arts District, Koreatown, shopping, dining, entertainment, and many of Los Angeles' most popular destinations. It is an ideal lifestyle choice for professionals who work in L.A. and want to enjoy the city without the daily hassle of long freeway commutes. Residents enjoy an impressive array of amenities, including a resort-style swimming pool, spa, fully equipped fitness center, serene landscaped courtyard with garden areas, rooftop with breathtaking panoramic views of the Los Angeles skyline, media room, and business center-providing the perfect balance of work, relaxation, and entertainment. This desirable studio residence overlooks the peaceful courtyard, offering a wonderful sense of privacy and tranquility while still being in the center of the city. The beautifully updated kitchen features brand-new stainless-steel appliances and elegant granite countertops, making it both stylish and functional. If you're looking for a convenient, sophisticated urban lifestyle with resort-style amenities and easy access to everything Downtown Los Angeles has to offer, Savoy is a place you'll be proud to call home."
1169081715,price,"Ever wanted to get away from it all?... Here is your 40+ acres of freedom & glorious endless views of unspoiled nature... and still within minutes of Lower Lake and Hwy 29! This property features a newer very neat, off- grid, modern stick built home constructed in 2015 with solar and propane hook-ups for stove/range, dryer and water heater. The home is nice and bright with two spacious bedrooms, a large living area and a nicely appointed kitchen with plenty of cabinetry. Washer and dryer hook-ups are conveniently located adjacent to the kitchen. A back door from the ""dining area"" leads out to a wonderful spot to set up a hammock or lounge chair to take in the vistas. There is one well with a storage tank and a shared well from the neighboring 40+/- acres parcel with plenty of water and a large storage tank for your home and more. You'll have a 360 degree views from this hilltop property and so much room and terrain to adventure about and explore, bring your ATV and go for it! In addition to the home you also have huge metal building/shop that measures approximately. 24 feet by 48 feet long and 16 to 18 feet high, complete with a 10 foot roll-up door and side entry door. It's an amazing property that you will need to see and experience. An easy drive via a graded road from Spruce Grove Rd takes you up to this spectacular property in a few minutes. An truly unique property for the person who has been searching for a lifestyle away from the crowds and with room to roam. Adjacent 40+/- acres available $250000 *owner financing* available, building pad & amazing views + the shared well. Buy both and you'll have a magnificent end of the road privacy! Must see to truly appreciate."
1178120424,numeric,Encino Compound Opportunity. Older two story home for sale at land value. Large 19824 square feet land parcel. Divide into two parcels. Remodel or build from ground up. Excellent Fixer for contractor/investor/user. Divide into two parcels with SB-9. Tenant occupied. Bring your Contractors and Developers.
1188149855,numeric,"Modern living meets industrial charm at Steel Works in West Oakland's Dogtown neighborhood. This distinctive tri-level loft offers 764 square feet. of thoughtfully designed living space with an open-concept floor plan, abundant natural light, and exceptional character. The spacious foyer welcomes you into the main living level, where the contemporary kitchen features stainless steel appliances, a gas range, and a seamless connection to the living and dining areas. French doors open from the living room to a private patio, creating an inviting indoor-outdoor living space perfect for morning coffee or evening entertaining. Skylights and oversized windows fill the home with natural light while highlighting the exposed beams and architectural details that give this residence its signature loft appeal. In-unit laundry is conveniently located on the main level, while a half bath provides added convenience for guests. The second level features a full bathroom with shower-over-tub, while the upper loft offers a bright and versatile space ideal for a home office, creative studio, reading nook, or additional storage. A secure off-street parking space within the gated lot adds valuable convenience. The pet-friendly community also offers shared space designed for relaxing and connecting with neighbors. Perfectly positioned near local breweries, cafes, parks, BART, bus lines, and the Bay Bridge, this unique residence puts the best of Oakland and the greater Bay Area within easy reach. A rare opportunity to own a stylish, low-maintenance urban home with character, functionality, and exceptional access to everything Oakland has to offer."
1156255233,price,"Upon entering this well-kept and updated home you immediately notice the high volume ceilings. The 2 Bedroom / 2 Bath unit is Light and Bright with an open floor plan. The kitchen has Corian Counters and a full array of appliances. The Dining and Living Rooms are adjacent and have a full wall of glass to see the expansive North facing Patio area. This large outdoor space overlooks the wide Fairway and features the Little San Bernardino Mtns. The outdoor living is great for morning coffee or afternoon beverage with family and friends. As you continue through the unit, there is a guest bedroom with a full bath across the hall which features a laundry area and a full-sized stacked Washer/Dryer. At the end of the hall, is the Primary Suite with a large walk in closet, dual vanities and a large step-in shower. The interior location within the community is quiet and is ready for move-in. Being sold furnished per inventory. There is a nice two car garage streetside which has ample room for two vehicles and extra storage. The Woodhaven Community has 18 holes of challenging golf, also featuring tennis and pickle ball, along with 4 pools/spas, Restaurant, Gym and Pro Shop. The $795 monthly homeowners association Dues, covers Roof, Front Gate, Exterior Paint, Landscaping, Pest Control, Garbage, Bldg Ins. as well as Spectrum Cable/Internet. Check out this centrally located Country Club Community with easy freeway access on Washington St and close to shopping and local restaurants. You will not be disappointed, make an Offer TODAY!"
1176975726,numeric,"Welcome to 433 El Centro, a newly remodeled luxury estate in Hillsborough. Situated on 0.41 acres, this exceptional property offers refined living designed for entertaining and everyday comfort. The home features 5 bedrooms (including the ADU), 5 full baths, 2 half baths, and a bonus room/den. The gourmet chef's kitchen boasts premium paneled appliances, a wine cooler, and opens to a spacious family room. Additional highlights include built-in speakers, a custom wet bar, dedicated media room, temperature-controlled wine cellar, and laundry rooms on both levels. The luxurious primary suite offers a private office, walk-in closet, and spa-inspired bath with heated floors, towel racks, soaking tub, and dual showers. All secondary bedrooms feature en-suite baths for added comfort and privacy. Designed for seamless indoor-outdoor living, the grounds showcase a pool, spa, fire pit, expansive lawn, outdoor TV, and covered BBQ pavilion with prep space, refrigerator, and ample seating. Conveniently located near top-rated Hillsborough schools, parks, Downtown Burlingame, and transportation, this turnkey estate presents a rare opportunity in one of the Peninsula's most sought-after communities."
1190275045,price,"Welcome to 2388 Stanford, a beautifully appointed corner home offering approximately 2581 square feet. of living space, 4 bedrooms, and 3.5 baths. Completed in 2025, this residence combines contemporary architecture, premium finishes, and extensive owner upgrades for an elevated, move-in-ready experience. The versatile floor plan includes a main-level living space with an open chef's kitchen, featuring Samsung stainless steel appliances, quartz surfaces, and generous storage. A private bedroom suite on the entry level adds flexibility for guests, family, or a dedicated office. Upstairs, the primary retreat features a walk-in closet and beautifully finished bath, accompanied by two additional bedrooms and a convenient laundry area. At the top of the home, a dedicated entertainment space opens to a private rooftop terrace with sweeping views of the Oakland Hills, marina, Estuary, Coast Guard Island, and surrounding Bay Area landscape. A beverage refrigerator and wet bar make this the perfect setting for sunset gatherings or relaxed evenings at home. The owners have added approximately $30000 in enhancements, including upgraded security, smart window coverings, and additional technology and lifestyle improvements. Further features include a two-car garage, EV outlet, solar system, energy-efficient construction, smart-home capabilities, and a 10-year builder warranty. Enjoy the evolving Alameda Marina neighborhood with waterfront paths, parks, beaches, dining, the historic boathouse, and convenient SF Bay Ferry access. With new construction, meaningful owner upgrades, exceptional rooftop views, and a highly desirable corner position, 2388 Stanford is a rare opportunity to step directly into the Alameda waterfront lifestyle."
1178134303,numeric,"This spacious home features 6 bedrooms with high ceilings, 3 bathrooms, and a dedicated laundry room, offering a versatile layout for comfortable family living or investment. Located on an R2-zoned lot with an ADU friendly layout, the property offers excellent future potential. Enjoy the convenience of a detached garage, private driveway with direct street access, and recent permitted plumbing upgrades. The backyard is surrounded by mature fruit trees. Just blocks from San Jose State University, this home has a proven history as a successful student rental while also making an ideal primary residence. Close to downtown dining, shopping, transit, and major commuter routes. Don't miss this rare opportunity to own a versatile Downtown San Jose property with endless‌‌‌‌‌‌‌‌‌‌‌‌‌‌‌‌ possibilities!"
1177749891,numeric,"Rarely available and completely reimagined, this single-level upper unit 3-bedroom, 2-bath Turtle Rock residence offers approximately 1600 square feet of turnkey living in one of the community's most serene and private settings. Ideally positioned as an end unit with only one common wall and no one above, the home lives more like a single-family residence, with peaceful views of mature greenery and an exceptional sense of privacy. A comprehensive renovation has transformed the home from top to bottom, with every detail thoughtfully selected. The expanded custom kitchen features custom cabinetry, quartz countertops and new stainless-steel appliances, flowing seamlessly into the bright, open living areas highlighted by a dramatic nine-foot stone fireplace and large windows framing lush greenbelt views. New fixtures, faucets and hardware are complemented by the complete replacement of every window, interior door, baseboard and casing. The spacious primary suite features a spa-inspired bathroom with an oversized walk-in shower, dual vanity sinks and soaking tub, along with a custom-built closet designed to maximize storage and organization. Two generously sized additional bedrooms, featuring custom closets, wide-plank luxury flooring and LED lighting complete this impeccably upscale home. The laundry area has been update with new storage capbinets and the new washer and dryer are also ncluded in this truly turnkey offering. The attached oversized two-car garage features sleek epoxy flooring, finished drywall and custom built-in overhead storage for added convienence. Ideally located within walking distance of top-rated Bonita Canyon Elementary and nationally ranked University High School, the home is minutes from the 405 and 73 freeways, with convenient access to Orange County's premier shopping, dining and renowned beaches. With low association dues and no Mello-Roos tax, this is a rare opportunity to enjoy fully remodeled, single-level living in highly sought-after Turtle Rock."
1188258839,numeric,"Tucked away in a hidden valley of the Leona Valley mountains, this 7.38-acre property offers mountain views in nearly every direction - right, left, and behind you, with the front porch as your front-row seat to it all. The main house offers 2 bedrooms and 1 bathroom; quality built with a spacious attic for extra storage. The cozy front porch invites you to unwind after a long day, trading the hustle and bustle for true tranquility. A two-story guest house adds flexibility for visitors, extended family, or rental income - offering 1 bedroom and 1 bathroom of its own. RV parking accommodates your adventure gear, and a converted storage container - complete with flooring and electricity offers the perfect space for hobbies, a workshop, or additional storage. Two private wells provide water independence, a real value-add in this rural setting. As night falls, the real magic begins skies untouched by city lights, filled with stars from horizon to horizon. This is more than a home it's a lifestyle. Let's not forget 2 car detached garage with new garage doors. New septic system. Come home to peace, privacy, and views in every direction. I"
1189806732,numeric,"Exceptional value in Palm Desert! This spacious 3-bedroom, 3-bath home offers an inviting open layout with coffered ceilings, abundant natural light, and thoughtful upgrades throughout. The primary suite features a beautifully finished tile shower surround, while custom pavers add curb appeal and enhance the outdoor living areas. Generous room sizes, comfortable living spaces, and a well-designed floor plan make this home ideal for full-time or seasonal desert living. Located in the desirable Domani 55+ community with clubhouse, pool, fitness center, pickleball and more. A wonderful opportunity to own a well-appointed Palm Desert home at an outstanding value."
1188168204,other,"Single story home located on a court in a desirable part of Concord. This home offers a well designed floor plan. The layout includes a spacious formal living room with plenty of natural light. The kitchen and dining area offer ample room and open to a separate family room with a fireplace. The home features two full updated bathrooms. Dual pane windows throughout. The lot is one of the property's standout features, offering plenty of outdoor area and future possibilities. The backyard provides space for outdoor entertaining, gardening and storage, plus potential for a pool or ADU. A covered patio extends the living space outdoors, while the generous side yard offers possible RV, boat, or additional vehicle parking. Gated side-yard access is available on both sides of the home. Conveniently located near Silverwood Elementary School, neighborhood parks, shopping, dining, and commuter routes."
1178006999,other,"Wow! Discover a rare opportunity to own one of the most compelling price-per-square-foot values for a two-bedroom, two-bathroom residence on the Westside. This exceptional offering, situated in a well maintained building in prime Palms, places you just blocks from the vibrant energy, dining, and entertainment of Culver City. As a front-facing unit, the home is bathed in natural light, featuring an expansive open-concept layout anchored by high ceilings that create an immediate sense of scale and airiness. The functional kitchen offers ample cabinet space, granite countertops, and updated appliances, centered by a breakfast bar that serves as a bridge to the dining and living areas. This thoughtful layout ensures the space feels completely integrated, allowing for a natural flow throughout the interior. Retreat to two generously sized bedrooms, each featuring its own walk-in closet. The primary suite serves as a true sanctuary with a spacious en suite bathroom complete with dual sinks, a soaking tub, and a separate shower. Essentials are all accounted for, including in-unit laundry, central HVAC, and secure two-car parking. Enjoy the fresh air from your private balcony, offering a peaceful treetop outlook. This is a standout chance to secure a sophisticated lifestyle in a premier location at an incredible value!"
1189659826,numeric,"Discover space, flexibility, and long-term potential in this updated Spanish Colonial Revival home near Downtown Los Angeles. Located at 1147 S Westlake Ave, this gated Central LA property offers convenient access to DTLA, Koreatown, USC, LA Live, the Convention Center, major employment centers, restaurants, shopping, public transportation, and freeways. Offering approximately 2110 square feet, the home is currently configured with 4 bedrooms and 3 bathrooms, plus flexible bonus areas suitable for a home office, recreation room, guest accommodations, or multigenerational living. Public tax records reflect 3 bedrooms and 2 bathrooms. Buyers are advised to independently verify square footage, bedroom and bathroom counts, permits, zoning, and allowable uses. Recent improvements include new flooring, interior doors, interior and exterior paint, refreshed stucco, bathroom upgrades, and a renovated kitchen featuring elegant white marble-look countertops with subtle gray patterns, modern light-gray shaker cabinetry, and updated appliances. Bathroom features include a white vanity with a marble-look countertop, undermount sink, gold-toned hardware, decorative tile accents, and another bath with dramatic floor-to-ceiling marble-look tile and a tub-and-shower combination. Individual mini-split systems serve the bedrooms, living areas, and kitchen for efficient room-by-room climate control. Additional enhancements include a motorized front gate, front-yard concrete paving, CCTV cameras, and completed LADBS-required correction work, with the related case closed. An approximately 870 square feet upstairs bonus area with separate exterior access adds valuable flexibility and privacy. Outside, enjoy a welcoming front garden and private, low-maintenance backyard featuring a spacious paved patio, block-wall fencing, and enclosed storage beneath the exterior staircase-ideal for outdoor dining, barbecuing, container gardening, entertaining, or creating a relaxing urban retreat. Additional conveniences include a separate laundry area and gated driveway parking for three or more vehicles. With its generous layout, extensive improvements, adaptable living spaces, and prime location near Downtown Los Angeles, this spacious, move-in-ready property presents an appealing opportunity for owner-occupants, multigenerational households, and real estate investors seeking flexibility and lasting value in the heart of Los Angeles."
1183494416,price,"SELLER OFFERING $25000 CREDIT towards buyer's interest buy down and or closing costs and two years of home warranty! Very spacious and rencently beautifully remodeled throughout, this is one of the largest homes in the neighborhood and offers breathtaking panoramic views. The open floor plan features abundant natural light, an oversized primary suite, and generously sized living and family rooms designed to accommodate both everyday living and entertaining. Three bedrooms and two bathrooms are conveniently located downstairs, offering added flexibility. Additional features include new dual HVAC systems, dual water heaters, a two-car garage, and a long private driveway with parking for up to four additional vehicles. The expansive yard provides plenty of space for entertaining, gardening, or simply relaxing outdoors. Offering an exceptional combination of space, comfort, versatility, and future potential, the property is conveniently located near outdoor recreation, schools, shopping, and freeway access, all with no homeowners association. SELLER OFFERING $25000 CREDIT towards buyer's interest buy down and or closing costs and two years of home warranty! Very spacious and recently beautifully remodeled throughout, this is one of the largest homes in the neighborhood and offers breathtaking panoramic views. The open floor plan features abundant natural light, an oversized primary suite, and generously sized living and family rooms designed to accommodate both everyday living and entertaining. Three bedrooms and two bathrooms are conveniently located downstairs, offering added flexibility. Additional features include new dual HVAC systems, dual water heaters, a two-car garage, and a long private driveway with parking for up to four additional vehicles. The expansive yard provides plenty of space for entertaining, gardening, or simply relaxing outdoors. Offering an exceptional combination of space, comfort, versatility, and future potential, the property is conveniently located near outdoor recreation, schools, shopping, and freeway access, all with no homeowners association."
1168995407,price,"Beautiful turnkey end-unit home in the highly desirable VOLARA Community! Built in 2023. All existing furniture and appliances are included in the asking price. A new bike/jogging trail would connect the area from Whittier to Brea. Properties on or near Electric Avenue in La Habra, this trail is positive long-term investment for neighborhood desirability and property values, assuming the project is completed as planned. Qualified buyers receive $10000 grant from major lenders such as Citi, Wells Fargo, or Bank of America for condos/townhouses in the city of La Habra -no repayment required. Attractive interest rates are available, and NO PMI! this end unit is the best and easiest unit to get in and out of obstacles or cars this upgraded corner unit features paid-off solar, low homeowners association of $215/month, and over $15000 in upgrades. All existing appliances and furniture are included with the purchase price. The open floor plan offers a gourmet kitchen with quartz countertops, large island, stainless steel appliances, white cabinets, and spacious living areas perfect for entertaining. Includes 3 bedrooms, 2.5 bathrooms, bonus office/flex room, attached 2-car garage, dual-pane windows, recessed LED lighting, and upstairs laundry hookups. The primary suite features dual sinks, a walk-in closet, and oversized designer shower. Conveniently located near Portola Park, the La Habra Children's Museum, shopping, dining, and Recent city reports indicate that Union Pacific approved the project to move forward, and the corridor is expected to become a paved trail with landscaping, fencing, and pedestrian amenities. What used to be railroad tracks in Brea have already been turned into a park/trail called ""The Tracks at Brea."" Located in the highly rated Fullerton Joint Union High School District."
1177225101,price,"Private access from the community to the walking/biking trail with direct access to Doheney State Beach. Located in the highly desirable South Cove community, this newer construction home offers the rare combination of ocean views, a private backyard, and is walkable to Doheny State Beach, Baby Beach, Dana Point Harbor, and Downtown Dana Point. Filled with natural light, the home features high-end builder upgrades, plus custom owner enhancements including shiplap accents, wood shutters, and designer finishes throughout. The open concept floor plan flows seamlessly into the chef's kitchen with premium Monogram appliances, creating an ideal space for everyday living and entertaining. The convenient dumbwaiter makes everyday living effortless, easily transporting groceries and other essentials from the garage to the main living level. With only one common wall, the home also offers exceptional privacy. One of the home's standout features is its downstairs oversized backyard with turf and a covered California Room as well as full bathroom with shower, a rare find in this neighborhood and perfect for kids, pets, or outdoor dining. The following level consists of 2 ensuite bedrooms each with dual vanities and walk-in closets, and separate laundry room. The third level welcomes the kitchen, living room and dining area, along with the 3rd bedroom with custom built-in 3 bunk beds and a full bathroom. Head upstairs to the spectacular rooftop deck with panoramic 360-degree views, featuring big ocean views, breathtaking sunsets, city lights, and surrounding hillsides. You'll even enjoy ocean views from inside the home. Where else can you find newer construction, ocean views, a private yard, and be walkable to Orange County's best beaches, harbor, restaurants, and shopping, all for under $2000000? This is a rare opportunity to own one of Dana Point's most desirable lifestyle properties."
1178383153,other,"Set beneath a canopy of mature eucalyptus trees, this thoughtfully updated residence offers a rare sense of privacy and connection to its natural surroundings. The dark exterior, illuminated landscaping, and winding entry create a striking arrival, while soaring ceilings, wide plank flooring, and clean architectural lines give the interior a crisp, modern character. The kitchen is both functional and refined, with abundant cabinetry, stone surfaces, stainless steel appliances, and a layout that connects comfortably to the surrounding living and dining spaces. Large sliding doors open to an expansive deck, creating a natural extension of the home for outdoor dining, entertaining, or quiet evenings among the trees. The primary suite provides a calm and private retreat, complemented by a beautifully remodeled bath with a floating wood vanity, illuminated mirror, gold accents, and an oversized walk in shower. In addition to the primary suite, the home includes three additional bedrooms, offering flexibility for guests, family, or a home office. Surrounded by greenery from nearly every view, the home offers a distinctive balance of modern living, privacy, and an irreplaceable wooded setting."
1159659454,numeric,"Located in the sought-after Coyote Valley at the base of the foothills just north of Morgan Hill, California, Three Oaks Ranch offers nearly 10 flat acres backing to the Historic Tilton Ranch open space preserve, ensuring privacy and no future development. This single-story ranch blends peaceful country living with convenient access to Silicon Valley, freeways, shopping, dining, parks, trails, wineries, and golf courses. The home features a spacious open floor plan with vaulted ceilings, a private primary suite with walk-in closet and deck, three guest bedrooms, two full baths, an office, exercise room, theater with sound-damped walls, and a three-car garage. Outdoors, enjoy a Pebble Tec pool surrounded by gardens and hillside views. The nearly 3000 square feet. commercial shop with 3-phase power includes a loft and a separate 900 square feet. office with kitchen, bath, office suites, fenced yard, and possible ADU potential. Equestrian amenities include a BarnMaster barn with five stalls, a tack room, a wash area, a lighted professional roping arena, an equine track, chicken coops, gardens, and custom fencing throughout. Frequent visits from turkeys and quail add to the charm of this exceptional countryside retreat, for relaxing."
1168605826,price,"$7000 Seller Credit Towards Buyers Closing Cost! Welcome to this well-located recently remodeled 2 bedroom 1 bathroom home in Barstow offering comfort, space, and convenience. Situated on a generous lot, this property provides plenty of room for outdoor use, expansion, or storage. Inside, you'll find a functional layout with a comfortable living area, ample natural light, and a kitchen with plenty of cabinet space. The bedrooms are well-sized, and the home offers a practical floor plan suited for everyday living. The large lot provides opportunities for RV parking, additional structures, or simply enjoying the open space. Zoned residential with commercial potential, this property offers added flexibility for a variety of uses, making it an excellent opportunity for both homeowners and investors. Conveniently located near major roads, shopping, and local amenities, this property combines location, versatility, and long-term potential."
1175336965,numeric,"Situated on a spacious 9148-square-foot lot, this exceptional home boasts a prime location within walking distance of UC Riverside (UCR) and local high schools. The property offers a generous 2619 square feet of living space and has been fully renovated, featuring brand-new flooring, cabinetry, and bathrooms. The front and back yards are beautifully landscaped and well-maintained; the backyard includes a large patio area, making it perfect for relaxation and entertaining family and friends. Conveniently located near highways, shopping centers, and a variety of restaurants, this property represents an outstanding opportunity-whether for personal residence or investment."
1158050913,numeric,"WOW! What a great looking home at an even better price! This spacious 3-bedroom, 2-bath home also includes a bonus room, giving you over 1500 square feet of living space to make your own. It's got a solid layout, great bones, and has been recently refreshed with brand new carpet in the bedrooms and fresh interior paint, giving it a clean and inviting feel from the moment you walk in. Located in a nice, quiet neighborhood, it's also just a short walk to Lucky Park, so you're close to schools, playgrounds, and community events. The home sits on a fully fenced lot with drive-thru access, making it ideal for extra vehicles, trailers, or weekend toys. There's also a covered carport, dual-pane windows, and natural gas appliances a big plus in this area! Inside, you'll find a spacious kitchen with tile flooring, a separate laundry area, and a layout that feels open and welcoming. The yard is clean and open with concrete walkways, offering plenty of space to garden, BBQ, or simply relax under the desert sky. One of the best-priced homes in 29 Palms-come take a look today! This one has a lot going for it, and with its recent updates and great price, it's ready for its next owner to enjoy."
1179667386,other,"Situated within one of San Marcos most desirable neighborhood of Williamsburg, this beautifully upgraded residence offers a rare blend of thoughtful design, upgraded finishes and exceptional indoor-outdoor living. The white and bright updated kitchen with granite countertops, and Stainless steel appliances is the center of the home. You'll enjoy winding down at the end of the day in your private sparkling saltwater pool and spa!. The primary bedroom feels like a retreat with the beautiful vaulted ceilings, dual vanities and a large walk in closet with cedar paneling. All the bedrooms are generously sized. The versatile loft/office space provides privacy and can be easily converted to a fourth bedroom. Centrally located in the Williamsburg gated community of San Marcos you'll enjoy the beautiful lake, walking areas, tot lot, sport courts and other resort style amenities. NO MELLO ROOS and San Marcos School District. The home is conveniently located near shopping, CSU San Marcos, Kaiser & Palomar Hospitals and the 78 & 15 freeways."
1169303994,numeric,"Experience lakeside living at its finest in this stunning waterfront retreat overlooking beautiful Metcalf Bay. Offering 4 bedrooms, 3 full bathrooms, and 2574 square feet of mountain charm, this exceptional getaway is designed for making unforgettable memories with family and friends. Situated on a spacious 12300 square feet lot with an impressive 75 feet of lake frontage, the property captures breathtaking lake, mountain, and marina views from nearly every angle. Enjoy the ultimate Big Bear lifestyle with a private dock, expansive wrap-around decking, lakefront spa, BBQ area, and multiple outdoor spaces perfect for entertaining or simply relaxing. Whether you're boating in the summer or enjoying a cozy winter retreat after a day on the slopes, this home offers year-round enjoyment. The main living area features T&G ceilings with exposed beams, wood flooring, and a wood-burning fireplace creating the perfect mountain ambiance. Upstairs, the spacious family and game room offers endless entertainment with a pool table that converts to ping pong or additional game space, cozy seating areas, built-in bunk sleeping nook, and access to a large mountainside deck. The beautifully appointed kitchen is a true centerpiece, featuring lake views, expansive granite countertops, alder cabinetry, and premium stainless steel appliances. The dining area showcases incredible views overlooking the lake and marina. Two spacious bedrooms on the first floor offer comfort for family and guests alike, including a relaxing primary suite with a bay window nook and ensuite bath with separate, oversized soaker tub. Two bedrooms on the upper level offer direct access to a large lakeside balcony that is perfect for soaking in the impressive sunrises over the lake. Surrounded by towering trees, lush landscaping, and incredible natural beauty, this exceptional waterfront escape delivers the perfect balance of luxury, relaxation, and adventure - your own ""Home Sweet Lake Home"" in Big Bear Lake."
1177905631,numeric,"Beautifully maintained 6-bedroom, 3-bath home in the highly desirable Upper Lunada Bay neighborhood. This exceptional property offers a rare combination of quality construction, thoughtful upgrades, and a prime location. Set across from a unique dedicated Palos Verdes service road and parkland, the home enjoys added privacy and an open, spacious feel. Built with durable lath-and-plaster construction, it features a newer roof, whole-house repiping, premium dual-pane windows and sliding doors, and both gas and electric appliance hookups for added flexibility. The spacious floor plan includes a main-level den that can easily serve as a sixth bedroom, ideal for guests, a home office, or multigenerational living. The kitchen is appointed with granite countertops, while custom lighting enhances the living spaces and every bedroom throughout the home. The expansive primary suite features a private en-suite bathroom with both a soaking tub and an accessible tiled shower. All bedrooms offer oversized closets with floor-to-ceiling doors for easy access to upper storage shelves. Additional highlights include two fireplaces with gas log inserts, high-quality paver stone finishes in the driveway and courtyard, and an attached 3-car garage with finished plaster walls. Outdoor living is equally impressive, with a large covered patio complete with power outlets and a natural gas hookup, plus a beautifully landscaped backyard designed for entertaining and relaxation. Conveniently located just minutes from Lunada Bay Plaza, offering shopping, dining, gas stations, and everyday services. Situated within the award-winning Palos Verdes Peninsula Unified School District."
1172243744,other,"Introducing this rare corner unit spanning two floors in the historic Art Deco Hollywood & Vine Lofts, connected by a dramatic floating staircase. Thoughtfully reconfigured with strategic interior walls, this distinctive floor plan offers a bright, open living room and three potential bedrooms including an oversized primary suite and a private corner office, each ready with just the addition of wardrobes. Polished concrete and hardwood floors and custom set-designer finishes set this home apart from typical modern lofts, delivering character and style throughout. The main level centers around a spacious kitchen with room for an island and an elegant dining area, accompanied by the living room, a secondary bedroom with an Ann Sacks-tiled bath, and in-unit laundry. Upstairs, a gallery walkway leads to the expansive primary suite, complete with a sitting area and walk-in closet, while the corner office provides a quiet workspace. Every room showcases commanding views of the Capitol Records Building, the Hollywood Hills, and the city lights below. Residents enjoy a 24-hour concierge and doorman service, controlled access, valet parking, and a stunning rooftop deck with BBQ, firepit, and panoramic views. Steps from the Walk of Fame, theaters, fine dining, the Metro Red Line, Equinox, Trader Joe's, and premier shopping, the location is truly unbeatable. Designated under the Mills Act, this historic property offers substantial property tax savings, typically 40-70% for the next owner (please consult your CPA for details specific to your situation)."
1159875388,numeric,"This home is located in the desirable Corona Ranch area. This 3276 square feet., 5 bedroom, 3 bath home is located at the end of the cul-de-sac. Welcome to this home with custom limestone flooring, a fireplace in the living room, and french doors with a perfect view of the pool. The family room features a wet bar with a travertine countertop and space for a wine refrigerator that's perfect for entertaining guests. A second fireplace in the family room adds an extra touch of comfort and ease. The kitchen features Cesar stone countertops, a walk-in pantry, and a large window with a perfect view of the pool and a park in the background. The laundry room features a sink and plenty of storage. The garage is equipped with EV charging. The spacious primary suite features an additional dual side fireplace, a retreat, and walk-in custom closet. The backyard features a pool with a waterfall that evokes a feeling of a resort style retreat. This home is located near shopping, dining, schools, and the 15 and 91 freeways."
1176979837,price,"Ontario Ranch detached single family 2 story home with 3 bedrooms, 2.5 baths, and 1758 square feet of comfortable living on a 2430-square-foot lot lot. House with fully paid off Solar panels worth close to $30000 so pretty much new homeowners don't have to pay any costly electricity bills. As you enter the house, there is a half bathroom and a good size living room and dining area with patio door to backyard. Also is good size grant countertops kitchen with stainless steal gas stove, range suction hood, dishwasher and a good size walk in closet and direct access to 2 car garage. Other upgrades include lamanite wood flooring for downstairs, upstairs with carpet and laundry room comes with washer and dryer. Upstairs have 2 good size bedrooms sharing a bathroom, and Master bedroom with walk in closets and good size master bathroom. Chip Smith homeowners association comes with amenities including a clubhouse with a movie theater, gym, banquet rooms, libraries, a game room, and office space, pool and park. Located in the heart of Ontario Ranch, CA, this home is close to big parks, schools, nearby shopping centers, dining, and entertainment, and close proximity to the 60, 71, 15, and 91 freeways. Backyard has flooring done with low maintenance and a patio with fan."
1190137181,numeric,"Located in Pasadena's iconic Bungalow Heaven Landmark District, 780 N Michigan Avenue is a remarkable example of the neighborhood's celebrated Craftsman architecture. Dating to the early 20th century and attributed to Pasadena architect and builder Guy S. Bliss, the home is recognized by the City of Pasadena as a contributing property within the Bungalow Heaven Landmark District. Offering three bedrooms, two bathrooms, and just over 1600 square feet, this inviting residence captures the warmth, craftsmanship, and timeless appeal of Pasadena's early bungalow movement. More than a century after its construction, this home remains a distinctive Pasadena residence, connected to its past and ready for its next chapter."
1178306649,price,"Second floor 1 bedroom (#23) Mid Century OYO in the East Village Arts District. Kitchen has electric cooktop and oven, with tile countertops. homeowners association is only $102 monthly, and includes water and trash. Metro rail is one block away and bus stop is at 6th and Elm. Three blocks from Pine Street and all of its restaurants and entertainment. Must be an ""All Cash Sale""."
1177957623,other,"Tucked into the gated enclave of Del Cerro Heights, this fully reimagined residence pairs designer finishes with sweeping ocean and sunset vistas that stretch clear across the city. Perched in one of the neighborhood's most coveted pockets, and zoned for the highly-regarded Hearst Elementary, Lewis Middle, and Patrick Henry High, the location is as compelling as the home itself. Enter the home and the scale speaks first: 15-foot vaulted ceilings, walls of glass, and an open floor plan that pulls daylight into every corner. Automated blinds in the living room make it effortless to dial in light and privacy on demand. The remodel left nothing behind: a sleek contemporary kitchen, fully refreshed bathrooms, and a primary suite that has been completely reimagined with an oversized walk-in closet and a spa-inspired en-suite built for slow mornings. Wide-plank luxury vinyl runs continuously throughout, lending warmth and a clean, cohesive flow from room to room. Sustainability is built in with an owned solar system that powers efficient day-to-day living, and the oversized garage adds loft storage for everything that doesn't quite fit anywhere else. Beyond the front door, the gated community delivers resort-level amenities: a large pool and spa, tennis courts, a fitness center, sauna, and a private park. Come live in one of San Diego's most scenic hilltop communities."
1158235458,numeric,"Discover the Visionary at Pyramid Ranch, a warm and welcoming 5-bedroom, 3-bath home featuring a cozy den, fun-filled loft, and open living areas designed for comfort, connection, and modern family living.White quartz countertopsChef's KitchenNO HOALarge corner lotCommunity ParkHighly upgraded"
1177058794,numeric,"Amazing Opportunity. Owner prefers to carry or Lease Purchase Option! Welcome to 556 Pioneer Rd. in Lake Arrowhead! This charming Lake Rights home is ideally located between the Lake Arrowhead Country Club and the lake, offering the perfect combination of convenience, recreation, and mountain living. Designed with easy access in mind, the home features level entry into the main floor, where you'll find the kitchen, dining area, and a spacious living room with vaulted ceilings that create an open and inviting atmosphere. The main level also includes a bedroom, a 3⁄4 bath, and a convenient laundry room. Upstairs are two generously sized bedrooms and a full bathroom, while the lower level offers a versatile fourth bedroom or den with direct access to the backyard and attached garage-ideal for guests, a home office, or additional living space. Parking is abundant with a circular driveway at the front of the home, plus a second driveway leading to the garage, providing ample room for multiple vehicles. Step outside to the expansive L-shaped deck, perfect for relaxing, entertaining, or enjoying the peaceful mountain surroundings. Offering great bones and ready for your personal updates, this well-priced home presents an excellent opportunity to create your ideal mountain retreat. Just minutes from the lake, Lake Arrowhead Village, shopping, dining, and the Country Club, this is a fantastic opportunity to enjoy the best of Lake Arrowhead living."
1159987733,numeric,"Opportunity to own a beautifully renovated single story main house and a brand new two story 2 bedroom & 2.50 bathroom full sized stand alone ADU with its own exterior patio/yard space. The main house features lighter woodgrain look waterproof vinyl flooring, smooth ceilings, recessed lights, dbl. pane windows, copper plumbing, central AC/heat, extra attic insulation, designer bathrooms with european toilets with bidet, touchtone lighted mirrors, walk in showeres with glass doors, rain shower and hand held faucet fixtures, a sharp white kitchen with lots of cabinets, stainless steel appliances, gas stove, dbl sink & pot filler faucet, frig with ice and water on the door, a wet bar/coffee station with upper and lower cabinets, & a dining area opening up to the living space. There is an indoor laundry room with washer & dryer. There is one bedroom with attached bathroom & another nearby bedroom with a large. bathroom closeby. THE STAND ALONE NEW ADU with a potal address of 21233 Lopez is apx 1087 square feet & features 2 stories with smooth ceilings, recessed lights, dbl. pane windows & slider to the patio, central AC/heat, copper plumbing, a designer front entry door, a large great room & a sleek kitchen with a wall of clean white cabinets, stainless steel electric smooth cooktop stove, built in micowave with hood exhaust fan, stainless steel farm sink with pot filler faucet, quartz backsplashes & counters, dishwasher, adjacent laundry closet with hookups for a stackable washer/dryer, a half bath with storage closet under the stairs. The modern staircase leads up to 2 bedrooms, BOTH with attached modern shower bathrooms & euro toilets with bidet & a touchtone mirror One bedroom is apx. 9.8 x 11.6 square feet & the other is apx 12.5 x 14.4 square feet. & both have mirrored closets. The front of the main house has a artificial front lawn & flowering plants with a drip system. The area between the house & ADU has square concrete pads with artificial grass ribbons & natural stone where there is room to add a permanent divider fence. A newer white vinyl fence flanks the property. There are also 4 fruit trees, and Jasmin vine plants on a drip system. This property is in a highly desirable So. Blvd location with charter schools, nearby restaurants, shops & Wewtfield Mall. See 360 degree + floorplan on MLS"
1174573563,other,"Exceptional opportunity to own Dock S-464, a highly desirable single-slip dock located in the sought-after Palisades Point area of Lake Arrowhead. Tucked away in one of the lake's most protected and peaceful settings, this deep-water dock offers excellent year-round water access and an ideal location for embracing the Lake Arrowhead lifestyle. Positioned in a quiet area known for its calm waters and natural beauty, Palisades Point is perfect for boating, swimming, paddle boarding, kayaking, and relaxing on the water. The deeper-water location provides added convenience and accessibility throughout the seasons. Conveniently located near the marina and gas dock, this dock also offers easy access to Lake Arrowhead Village, just a short boat ride away. Enjoy waterfront dining, shopping, entertainment and events with the ease of boat-access living. Parking is conveniently located near ALA Access 6, and nearby restroom facilities add another level of convenience for you and your guests. Just in time for summer, enjoy front-row views of Lake Arrowhead's annual Fourth of July fireworks celebration from your boat. Whether you're looking for a secure place to keep your boat or a place to create lasting memories with family and friends, this dock offers the perfect combination of convenience, recreation, and the coveted Lake Arrowhead lifestyle. A wonderful opportunity to own a well-positioned deep-water dock in Palisades Point, offering privacy, protection, and endless days of enjoyment on beautiful Lake Arrowhead."
1190325907,numeric,"Best Hideway in WeHo: A rare opportunity to own a Townhouse at the Chateau Brittany, this most sought after, chic and charming, French inspired vintage complex in West Hollywood! Behind gates and hedges this 2 bedrooms Townhouse over 1250 living square feet features wood floors, high ceilings, crown moldings, French windows, overlooking a courtyard setting with pool, spa and lushly landscaped grounds, with ponds and running water stream, providing a peaceful and relaxing environment. Nearby: Bristol Farm, Wholefoods, Trader Joe's, Sunset Strip with tons of hotels, and restaurants: City life style yet live in a peaceful sanctuary"
1175048863,other,"Welcome to 6817 Warren Vista where timeless Western character meets thoughtful modern updates in the heart of Yucca Valley. This home captures the essence of classic High Desert living with an inviting blend of rustic charm and subtle contemporary touches. Loved, cared for, and meticulously maintained by its owner, it offers both emotional warmth and practical value.Currently a successful short term rental with strong ROI, the property also transitions seamlessly into a starter home, second home, or peaceful desert retreat. Whether you're looking to invest, unwind, or plant roots, this home delivers versatility and long term appeal.Inside, the updated finishes complement the home's original character, creating a space that feels both refreshed and authentically Western. Outside, you're surrounded by the quiet beauty that makes this area so special wide open skies, desert landscapes, and that unmistakable Yucca Valley calm.Located just minutes from Joshua Tree National Park, local dining, shops, and all the unique amenities that define this vibrant community, the home offers convenience without sacrificing tranquility.A classic desert home with modern livability, proven income potential, and the soul of Yucca Valley"
1183223939,numeric,"New luxury townhome in the heart of Campbell. Beautifully appointed 2-bedroom, 2.5-bathroom, attached 2-car garage home. Walk to parks/trails, shops and restaurants in lively downtown Campbell and Pruneyard. Highly sought after Cambrian schools, easy access to 85, 17 & 280 and all of Silicon Valley. Open and spacious, seamless flow from kitchen to living and separate dining area. Enjoy cooking in the modern entertainer's kitchen with premium new appliances, custom cabinetry, and beautiful porcelain countertops with waterfall, with kitchen island including extra storage. Three balconies to take in the natural sunlight, patio and storage space in garage. High-end finishes throughout, durable construction and extras including wide plank LVP flooring throughout, sleek epoxy finished garage with EV charger, upstairs washer/dryer, walk-in closet, smart home energy efficient mini-split thermostat, Andersen windows, solar options, copper piping and more! Photos are of a model unit. Actual finishes and layout may vary."
1184609631,price,"Discover your next chapter in this move-in-ready manufactured home located in the desirable 55+ community of Golf Knolls in Murrieta. This home offers an exceptional active-adult lifestyle at an affordable price, with a low monthly association fee of approximately $85. Residents enjoy an impressive selection of community amenities, including a welcoming clubhouse, sparkling in-ground pool and relaxing spa/hot tub, fitness center, dog park for your four-legged companions, bocce ball courts, billiard room, and banquet facilities perfect for social gatherings and community events. Don't let the year built fool you! This updated manufactured home sits on a permanent foundation, is situated on a cul-de-sac, and sits on land you entirely own-NO space rent required. From the moment you arrive, the inviting double-door entryway, light ash-gray color palette complemented by rustic wood-effect laminate flooring that flows cohesively throughout the main living areas. Recent upgrades include brand-new light fixtures and ceiling fans, freshly painted interior and exterior, new window covering/blinds and central air conditioning was replaced approximately 3 years ago. The bright and functional kitchen offers white cabinetry, Corian countertops, and an abundance of cabinet and counter space, providing plenty of room for cooking. A separate laundry room adds convenience and includes upper cabinets for storage. Enjoy the added living space of the enclosed sunroom, complete with brand-new carpeting-perfect for a cozy sitting area, home office, or entertaining space. The spacious primary bedroom offers plenty of room to relax and features a large walk-in closet. The primary bathroom includes dual sinks, new walk-in shower glass doors, and new toilet. The property offers a covered carport with parking for one vehicle, with plenty of room and potential to extend the covered area to accommodate two vehicles. A wood storage shed is also included, providing convenient space for tools, outdoor equipment, and extra storage. Conveniently located just minutes from both the I-15 and I-215 freeways, you'll have easy access to shopping, restaurants, medical facilities, and everything Murrieta has to offer. All you need to do is bring your furniture and make yourself at home!"
1177123753,price,"Experience the very best of South Palm Desert living in this 2-bedroom, 2.5-bath townhome located in the highly sought-after Deep Canyon Tennis Club. Whether you're searching for a full-time residence, or an exceptional investment opportunity, this home offers the perfect blend of comfort, convenience, and resort-style living.The spacious floor plan features two private en-suite bedrooms, an inviting living area, kitchen, and a great outdoor living that's perfect for relaxing or entertaining while enjoying Palm Desert's year-round sunshine.Deep Canyon Tennis Club is one of South Palm Desert's premier gated communities, offering an incredible array of amenities, including 12 tennis courts, 6 pickleball courts, 12 sparkling pools, multiple spas, a fitness center, clubhouse, putting green, bocce ball courts, dog park, an active social calendar, organized club activities, and an on-site tennis professional.The monthly homeowners association of $778 provides exceptional value and includes water, sewer, trash service, earthquake insurance, exterior landscaping and gardening, gated security, and access to all of the community's outstanding amenities, making for truly carefree living.Ideally located just minutes from world-renowned El Paseo, championship golf courses, scenic hiking trails, fine dining, upscale shopping, entertainment, and everything the Coachella Valley has to offer, this home places you in the heart of one of the desert's most desirable locations.Properties in Deep Canyon Tennis Club are highly sought after and rarely remain on the market for long. Don't miss your opportunity to own in one of South Palm Desert's most desirable communities. Schedule your private showing today and experience the resort lifestyle that makes Deep Canyon Tennis Club one of the desert's best kept secrets."
1190550424,numeric,"Welcome to this stunning, fully remodeled condo in the highly desirable Lake Murray area of La Mesa! This 3-bed, 1.5-bath, 1400 square feet. home perfectly blends modern design with everyday convenience. The bright, open-concept living space flows seamlessly, highlighted by continuous wide-plank wood flooring and a crisp, updated aesthetic. Built to entertain, the beautifully modernized chef's kitchen boasts a spacious center island, sleek quartz countertops, shaker cabinetry, and a classic subway tile backsplash. Premium upgrades include designer pendant lighting and a suite of stainless steel appliances. New Windows and Sliding Door installed recently. Upstairs, retreat to the spacious primary bedroom featuring large mirrored closets. The completely elevated full bathroom showcases a custom wood vanity with quartz counters and a stunning shower/tub combo detailed with custom tile work, a built-in herringbone niche, and a luxurious waterfall shower head. Enjoy easy indoor/outdoor living with a dining area that opens through sliding glass doors to your own private enclosed patio. The home is complete with convenient in-unit laundry and exclusive access to resort-style community amenities, including a sparkling pool and tennis courts. Perfectly situated in an unbeatable location, you are just minutes from the scenic walking paths of Lake Murray, Mission Trails Regional Park, Grossmont Center shopping, local dining, and easy freeway access. This move-in-ready gem is an absolute must-see!"
1191007687,price,"YOUR PRIVATE ESCAPE - WITHOUT LEAVING IT ALL BEHIND Some homes check boxes. This one changes the way you live. Set within an intimate, gated community of just 34 homes. Private gated entry, and long-term pride-of-ownership neighbors - this stunning single-level residence offers something rare in Southern California: genuine privacy without sacrifice. Two miles to I-15. Less than a mile to Route 76, 2 miles to the 15 & 30 minutes to the coast. Ten minutes to great restaurants, pilates and everything you may need. A mile & a half from Monserate Winery, hiking & golf at the California Golf Club. Peace and convenience, finally in the same address. Inside, a welcoming foyer opens to soaring ceilings, two cozy fireplaces, and an open kitchen, that flows naturally into the family room - a layout made for both quiet mornings and full weekends of entertaining. New windows, plantation shutters, and LED lighting throughout give every room a fresh, polished feel. Eighty percent of the home has new windows. The primary suite is its own private wing - completely reimagined with a new stone shower and his-and-her closets. Three additional bedrooms, two full baths, and a separate laundry room round out a floor plan that just works. The numbers tell the story too: SDGE averages $25-$75/month with leased solar and backup battery. Fire suppression rooftop sprinkler system. A reasonable homeowners association covers weekly trash and pristine professional landscaping. Community pool, spa, tennis, and basketball courts complete the picture. Outdoors beautifully landscaped with Queen & King palms, oversized side yard, jacuzzi with room for a pool. Private dining outdoors, with motorized steel screens for privacy. Neighbor only on one side and no neighbor behind. Three-car garage with Tesla battery and overhead shelving. Low maintenance. Reasonable insurance. Nothing to fix, renovate, or imagine. Just move in, exhale, and enjoy Southern California life at its very best."
1179141266,price,"THE ULTIMATE SMART HOME EXPERIENCE in this meticulously curated FORMER TOLL BROTHERS MODEL HOME located in the highly sought-after Gale Ranch community. FULLY OWNED SOLAR PANELS, EV CHARGER, WHOLE-HOUSE WATER SOFTENER, and REVERSE OSMOSIS WATER FILTRATION SYSTEM. Showcasing OVER $550000 IN BUILDER+SELLER UPGRADES, this exceptional residence combines luxury, technology, and functionality with a highly desirable floor plan featuring a DOWNSTAIRS BEDROOM AND FULL BATHROOM, ideal for guests, multigenerational living, or a private home office. Designed for modern living, the home features a CONTROL4 SMART HOME SYSTEM, 5.1 HOME THEATER, WHOLE-HOME AUDIO SYSTEM with built-in speakers throughout the bedrooms, kitchen, and primary bath, INTEGRATED SECURITY SYSTEM, and DUAL-ZONE NEST THERMOSTATS. Designer cabinetry enhances the kitchen, primary bath, bonus room, and laundry room, while the primary suite offers a CUSTOM WALK-IN CLOSET. Step outside to a beautifully landscaped, LOW-MAINTENANCE BACKYARD perfect for relaxing or entertaining. Ideally located just minutes from City Center Bishop Ranch and within walking distance to TOP-RATED SRVUSD SCHOOLS, including Bella Vista Elementary, Gale Ranch Middle School, and Dougherty Valley High School. A rare opportunity to own a truly TURNKEY SMART HOME where luxury, innovation, and location come together seamlessly."
1178614092,numeric,"PRICE IMPROVEMENT! Now offered at price for buyers looking for value and convenience in San Jose. Welcome to this stunning, turn-key townhouse nestled in the highly desirable Baroni Green community of Blossom Valley. Spanning 1390 square feet of bright and airy living space, this home features a highly functional two-story layout with vaulted ceilings, a cozy fireplace, and beautiful hardwood floors. The spacious kitchen features updated cabinetry, sleek stainless-steel appliances, a gas cooking range/oven, reverse osmosis system for purified drinking water, and ample counter space for the home chef. The floor plan offers 2 large bedrooms including a primary suite with a walk-in closet 2.5 bathrooms, and a dedicated home office perfect for remote work or a bonus studio. Enjoy the ultimate convenience of a private, attached garage alongside access to pristine community amenities, including a refreshing pool, spa, and playground. Located just minutes from local parks, retail, dining, and major commute corridors, this pristine property blends modern comfort and suburban convenience seamlessly. Schedule your tour today!"
1174433941,numeric,"Opportunity awaits! This is your chance to transform a property with incredible potential into something truly special. Located on a quiet cul-de-sac in Fontana, this single-story home offers 4 bedrooms, 2 bathrooms, and approximately 1836 square feet of living space on a generous lot. The home features a functional floor plan with spacious living areas, a fireplace, central heating and air, and a 3-car attached garage. It presents an excellent opportunity for investors seeking their next project or owner-occupants ready to create their dream home. With solid bones, ample living space, and a desirable cul-de-sac location, the possibilities are endless. Conveniently situated near major freeways, schools, shopping, dining, and entertainment, this home offers easy access to some of the Inland Empire's premier destinations, including Ontario Mills and Victoria Gardens. Whether you're commuting, shopping, or enjoying local amenities, you'll appreciate the central location and convenience. Bring your vision, tools, and creativity-this place is ready for its next chapter. Property to be SOLD AS IS."
1177752068,other,"Wake up to birds singing and panoramic views in your own private retreat. Step outside to a sprawling English garden featuring nine raised beds, a fragrant rose garden ready for cutting, and twelve mature fruit trees. Swim laps in the 15x60 pool, host barbecues in the expansive yard, or simply take in the scenery from one of the home's many vantage points. Designed Around the View: The home was thoughtfully built to capture its spectacular surroundings, with the main living areas upstairs to maximize the vistas. This level features the kitchen and breakfast area, a formal dining room, a TV room with a wood-burning stove for cozy winter evenings, and a generous office that could easily convert to a fourth bedroom. The primary suite and a laundry room with half bath round out the upper floor. Large windows throughout, a wraparound deck, and a private master deck - complete with a natural gas hookup for grilling - bring the outdoors in. Bedrooms & Baths: Two primary suites, each with its own en-suite bath, offer flexibility for guests or multigenerational living. A third bedroom is served by a full bath directly across the hall. Thoughtful Details Throughout. A dumbwaiter runs from the garage to the kitchen - no more hauling groceries up the stairs. The extra-long three-car garage accommodates a workbench, pantry, exterior storeroom, and space for a second refrigerator. The road dead-ends at your driveway for ultimate privacy. A fully fenced yard with a separate fenced area for pets. 360 degree views. 15x60 Lap Pool. The garden and rose garden. 12 various fruit trees. It's like living in the country but 10 minutes to town. Fully updated and move-in ready."
1175111387,numeric,"Welcome to 14681 Choco Road, an exceptional golf course estate offering space, style, and resort-inspired living in one of Apple Valley's most desirable locations. Perfectly situated with direct access to the beautiful Apple Valley Golf Course, this impressive residence combines stunning views with an entertainer's dream floor plan. At the heart of the home is a beautifully updated kitchen, thoughtfully designed with modern finishes, ample cabinetry, and generous prep space for everything from everyday meals to large gatherings. The expansive layout flows seamlessly into multiple living and entertaining areas, creating the perfect environment for hosting family and friends. This one-of-a-kind property features two separate bar areas-one upstairs and one downstairs-offering endless opportunities for entertaining. Whether you're hosting game day, holiday celebrations, or enjoying a quiet evening overlooking the 15th & 16th hole on Apple Valley golf course, this home was built for making memories. Step outside to your private backyard retreat complete with a sparkling pool, spacious patio areas, and breathtaking fairway views. Enjoy the convenience of golf course access, allowing you to fully embrace the golf lifestyle right from your backyard. Adding even more value, the home includes a solar lease to help offset energy costs while supporting efficient living year-round. With 7 bedrooms, 5 bathrooms, incredible indoor-outdoor living spaces, an updated kitchen, dual entertainment bars, pool, golf course access, and stunning views, 14681 Choco Road offers a rare opportunity to own a truly exceptional Apple Valley estate."
1178843619,numeric,"Steps from downtown Los Gatos dining, boutique shopping, cafes, minutes from Vasona Park, this home offers a walkable lifestyle within the highly rated large school district. The home features great curb appeal with beautiful landscaping, a wide pavered driveway, & hill views. The property offers approximately 2103 square feet of usable living space. The main residence spans approximately 1562 square feet with 3 bedrooms & 3 bathrooms, remodeled over the years. The living room is warm & inviting with an electric fireplace, recessed lighting, & double pane windows. The kitchen & dining area form the heart of the home with granite countertops, recessed lighting, & smart storage including two Lazy Susans. The primary suite opens to a private patio, & sun tunnels brighten the hallway with natural light. Leased solar adds energy efficiency & long term value. The approved detached cottage includes 1 bedroom, 1 full bath, & private laundry, generating strong rental income & creating a flexible 4 bedroom, 4 bathroom layout ideal for guests, multi generational living, or income potential. The garage has ample storage & EV charger. Backyard feels expansive & private for a downtown location, complete with built in covered seating area for outdoor entertaining."
1158729535,numeric,"Welcome to this rare and versatile property featuring multiple units-perfect for investors or owner-users seeking strong rental income potential. The main home offers 3 bedrooms and 2 bathrooms, complemented by a 2-bedroom, 2-bath ADU, a 2-bedroom, 2-bath Jr. ADU, and an additional 1-bedroom, 1-bath studio unit. This unique property provides multiple income streams with flexible living arrangements, ideal for extended families or those looking to offset their mortgage with rental income. Each unit offers functional layouts designed for comfortable living. Situated on a generous lot, the property offers ample space and convenience, all while being located near schools, shopping, dining, and easy freeway access. Whether you're an investor looking for a high-yield property or a homeowner seeking a multi-generational living setup, this is an opportunity you don't want to miss! Schedule your showing today and explore the endless possibilities this property has to offer!"
1175359264,price,"THIS IS A SHORT SALE! Welcome home to this stunning, practically brand-new Model residence built in 2023, offering 2148 square feet. of thoughtfully designed living space. It is the model building in the community, offering lots of upgrades. Perfectly blending modern luxury with everyday life. This gorgeous single-family house features 4 spacious bedrooms and 3 full bathrooms-1 bedroom and a full bathroom downstairs. Great for multi-generational living, or a dedicated home office workspace downstairs. Step inside to find gorgeous, upgraded flooring that flows seamlessly through an expansive, light-filled layout. The heart of the home is the chef-inspired kitchen, boasting sleek contemporary countertops, ample storage, and a layout designed for effortless entertaining and casual meals. Upstairs, the primary bedroom and other oversized bedrooms offer generous walk-in closets and abundant natural light, while the bathrooms feature stylish, modern finishes that evoke a private spa. The Highlights: • Fully Paid-Off 14-Panel Solar System: Enjoy massive utility savings from day one. Pay only about $60/month on your utility bills. • Hyperion Elite Whole House Water Treatment System (refines, Softens, neutralizes, and filters all domestic water into the building). Both Alkaline and purified water supply. • Prime Location: Situated in the highly desirable Lotus at the Seasons community, you are just moments away from top-rated schools, premier shopping, and dining. • Sellers are highly motivated to sell. Bring your best offers. Investors are welcome! Don't miss out on this pristine, move-in-ready home. Schedule your private showing today and experience the charm for yourself! Call LA's Philip at 760-712-7795 or Thessy at 310-803-2512 to schedule a showing. Thank you,"
1176073834,numeric,"Tucked away on a quiet cul-de-sac, this beautifully upgraded 5-bedroom, 2-bathroom home offers the perfect blend of comfort, style, and opportunity. From the moment you step inside, rich hardwood flooring sets the tone for a space that feels both warm and move-in ready. The updated kitchen is a true highlight, featuring custom oak cabinetry, sleek quartz countertops, and stainless steel appliances, ideal for everything from quiet weeknight dinners to entertaining guests. With five spacious bedrooms, there's room for a growing family, a home office, or both, and convenient first-floor bedrooms paired with a full bath make this layout ideal for multigenerational living or guests who prefer to skip the stairs. Step outside and enjoy your own private orchard, with mature avocado, mandarin, and lemon trees offering fresh fruit right in your backyard, a rare touch of California living. Set on a generous 8200 square feet. lot, the property offers excellent outdoor space and exciting potential to build or expand, making it a smart choice for buyers looking to add long-term value. The end-of-cul-de-sac location means added privacy and minimal through-traffic, a rare find in this sought-after Rancho Penasquitos neighborhood. This is a home that combines move-in-ready upgrades with future potential. Don't miss your chance to make it yours."
1167957666,other,"This is in the highly sought after Villa La Jolla. This unit is newly painted and have a newer floor. This unit is conveniently located near UCSD, shopping, entertainment, and easy access to freeways. homeowners association dues include water and trash. homeowners association includes pools, hot tubs, fitness center, and clubhouse. Buyer to verify all information."
1183072503,price,"Rare Modern Rowhome downtown San Diego in East Village featuring vaulted ceilings with city views, hardwood floors, updated kitchen and attached 1 car garage. This unique home features no homeowners association allowing for vacation rental income opportunity ($105000 annually)."
1178399247,price,"Experience elevated living in this beautifully upgraded residence, showcasing over $300000 in premium enhancements throughout. Exceptional craftsmanship and meticulous attention to detail, this move-in-ready home blends luxury, comfort, and everyday functionality. You'll find elegant travertine tile flooring, rich bamboo floors, a spectacular gourmet chefs kitchen featuring European-style cabinetry and premium Wolf and Sub-Zero appliances that deliver exceptional performance. Exterior is equally impressive offering ADU possibilities, custom stone paver driveway enhances curb appeal and create a grand first impression. Enjoy endless parking with a spacious three-car garage, additional parking for an RV or boat, and easy access to EV chargers. An owned solar system provides enlightened, energy-efficient living. Perfectly situated, this exceptional home is just a 10-minute walk to Lime Ridge Open Space, where miles of scenic hiking and biking trails offer endless opportunities to enjoy nature. Convenience is equally unmatched, with Trader Joes, Whole Foods, and Concord BART just minutes away. Nestled on a prestigious, high-end cul-de-sac, this rare residence is also conveniently located just minutes from De La Salle High School and Carondelet High School."
1153938354,numeric,"PRICE ADJUSTMENT! Opportunity meets comfort in the desirable Panorama Village! This is a wonderful chance to make a home your own in a peaceful and well-established 55+ neighborhood. This single-story residence offers approximately 1197 square feet with 2 bedrooms and 2 bathrooms, and is ready for its next owner to bring a little TLC and personal touch. Updated laminate flooring creates a welcoming entry, and the spacious living and dining areas offer a great layout for relaxing or entertaining. The bright kitchen features range and microwave, a stainless-steel sink and faucet, and plenty of storage in the original white cabinetry. The backyard offers a covered patio and low-maintenance concrete hardscape, giving you plenty of space to enjoy the outdoors without the upkeep. Living in Panorama Village means enjoying resort-style amenities including a pool, sauna, 9-hole golf course, clubhouse, recreation rooms, and fitness spaces; all just minutes from shopping and everyday conveniences in Hemet. A great opportunity for a buyer looking for value, potential, and a home that's ready for a little love."
1185775613,numeric,"Welcome to 6097 E Montefino Lane, a beautifully remodeled retreat, nestled in the highly sought after Camino Grande Villas of Anaheim Hills. Surrounded by lush green belts, and mature landscaping, this exceptional three bedroom, 2 1/2 bath residence offers a rare combination of privacy, tranquility, and breathtaking panoramic canyon and hillside views. Thoughtfully updated throughout, this turnkey home showcases a stunning remodeled kitchen and baths, gorgeous new flooring, new dual pain windows, a new HVAC system: including air conditioner, furnace, ductwork and attic insulation, a new water heater, and fresh interior paint throughout. Every detail has been carefully designed for modern comfort and style. Step inside to soaring vaulted ceilings, abundant natural light, and elegant recessed lighting that create an open and inviting atmosphere. The remodeled kitchen, features quartz countertops, extensive cabinetry, and seamless flow into the family room, where a cozy fireplace serves as the perfect gathering place for family and friends. The luxurious primary suite is a true sanctuary, complete with its own private fireplace and spectacular views. The spa like primary bath features dual vanities and beautifully updated finishes creating a peaceful retreat at the end of the day. Indoor-outdoor living comes naturally here. Two sliding glass doors, open to an inviting patio and low maintenance artificial turf yard, ideal for entertaining and relaxing or enjoying time with pets while taking in the serene surroundings. Additional highlights include a direct access two car garage with epoxy flooring, overhead storage racks, and a pristine laundry area with exceptional organization and functionality. Perfectly positioned near award-winning schools, the Anaheim Hills Golf Club, Saddle Club, Nature Center, shopping, dining, and miles of scenic trails, this home delivers the best of Anaheim Hills lifestyle. For outdoor enthusiast, a nearby trailhead provides immediate access to hiking, running, and biking adventures. Offering sophisticated upgrades, stunning natural beauty, and an unbeatable location, 6097 E Montefino Lane is more than a home - it's a lifestyle. Come experience this exceptional Anaheim Hills gem for yourself."
1189858785,numeric,"Welcome to this exceptional 4-bedroom, 3-bath home offering approximately 2028 square feet of beautifully designed living space in the desirable Encanto community. Currently operating as a short-term rental, this property is being offered turnkey and furnished, making it an incredible opportunity for an investor, vacation-home buyer, or full-time resident.This versatile home is perfect for short-term rental use or comfortable long-term, full-time living. A unique feature is the fourth bedroom, privately tucked away behind the kitchen. This space can be closed off from the main residence and used as an attached casita with its own private entrance-creating the opportunity for additional rental income while still enjoying the main home as your own private residence.Step outside into your own private desert oasis featuring a sparkling Pebble Tec pool and spa, inviting fire pit, gazebo, and plenty of space for relaxing, entertaining, and enjoying the beautiful desert lifestyle. RV parking provides additional convenience and versatility.Ideally located just minutes from the Indian Wells Tennis Garden, El Paseo's premier shopping and dining, the Coachella and Stagecoach festivals, and the polo fields-putting the best of the desert within easy reach.Whether you're searching for a full-time residence, vacation getaway, investment property, or a home with separate guest or income-producing accommodations, this turnkey Encanto property offers an exceptional combination of location, lifestyle, flexibility, and income potential.Buyer to independently verify with the City all requirements, permits, regulations, and restrictions regarding short-term rental use and RV parking."
1181609675,numeric,"Spacious single-story pool home located at the end of a quiet cul-de-sac in West Covina. Offering approximately 2749 square feet of living space, this residence features 4 bedrooms, 4 bathrooms, multiple living areas, an updated kitchen, and a flexible floor plan well suited for multigenerational living, guests, home offices, or private retreat spaces. Two areas previously used for rentals are now vacant, allowing the buyer full use of the property at closing. The large private lot includes a swimming pool, generous outdoor entertaining space, an attached two-car garage, and convenient rear-alley access. Historical permit records and previously prepared, uncompleted remodeling plans are available for buyer review. Conveniently located near shopping, restaurants, supermarkets, parks, schools, and access to the 10, 605, and 57 Freeways. Motivated seller-property is offered in its present as-is condition. Buyer to independently verify square footage, bedroom and bathroom count, property configuration, permits, rental use, and future possibilities."
1190427277,numeric,"Located in the highly sought after gated community of Riverwalk Vista, this spacious 5-bedroom, 3-bath home built in 2015 has everything you need and then some. Fresh interior paint throughout gives it a clean, move-in ready feel from the moment you walk in. The 3-car garage offers more storage and parking than most homes in this price range - a rare find. And when you're ready to unwind, the community amenities do the heavy lifting - swimming pool, BBQ area, and picnic space right outside your door. The location couldn't be more convenient - easy access to the 91 Freeway, Costco and 99 Ranch nearby making everyday errands effortless. 15 mins to UC Riverside! Whether you're a growing family looking for space or a buyer who wants a well maintained community with resort style amenities - this one checks every box."
1157630859,numeric,"A Perfect Beach Vacation Home! Overlooking the Pajaro River and Bay stretching all the way to Monterey. Privacy and enchanting views await the lucky new owner of this single level, 2-bedroom, 2 bath. The master bedroom has private views of the river and ocean beyond. Large deck to enjoy the morning sunrise and just steps to the beach path. Enjoy tennis, pickleball and miles of sandy beach. Centrally located half way between Santa Cruz and Monterey."
1180185865,numeric,"Panoramic View from this Stunning Estate home! Private, secluded lot on cul-de-sac. Fully gated property. Highly and superbly upgraded in and out. Resort style backyard offers pool with sun deck, spa, bocce ball court, fire ring, custom swing set, grill, custom up lighting and cafe lights. Relax in the spa, watch the sunset and TV! Cabana (ADU) is approximately. 1100 square feet with full kitchen, ice maker, fireplace, full bathroom, built-ins and storage. Property offers additional side patio/outdoor family room with forever views, TV, heater, ceiling fans, fountain, secret garden with custom garden boxes and steps down to the orchard (lemon, lime, orange, and apple trees). The inside is just as amazing, no expense has been spared! Spacious kitchen with 2 large pantries, subzero and another full-size refrigerator, separate ice maker, 6-burner gas range, dual ovens. Every bedroom in this home offers a full bathroom. 2 bedrooms located downstairs, along with office and powder room. The 2nd bedroom is easily a maid/guest quarters with separate entrance and tranquility patio. ""Hidden"" upstairs (dedicated staircase), one bedroom apartment with electric kitchenette and own laundry! Perfect for a multi-generational family. Master suite is upstairs, offering beautiful views, master bathroom with jacuzzi tub, large balcony, dual walk-in closets. Additional bedrooms and bathrooms are located upstairs, along with a den. Just a few upgrades include: Restoration Hardware chandeliers, all exterior doors offer wooden or phantom screens, custom plantation shutters throughout, all closets have custom cabinetry- you have to see it! 4-car garage with built-ins. Main house is 6 bedroom, 6.5 bathroom, 7004 square feet. Cabana (ADU) is approximately. 1100 square feet (one bedroom/one bathroom)."
1134244191,numeric,"Welcome to 1491 Nunneley Rd, a darling 2-bedroom, 2-bathroom home spanning 1058 square feet. on over a quarter-acre lot. Lovingly updated and move-in ready, this home is filled with natural light and ready for its next owner to make new memories. Step inside to find a bright and spacious living room with laminate flooring and large windows that flood the space with sunshine, creating a warm and inviting atmosphere. The living area flows into a generous dining room, perfect for hosting family dinners or casual get-togethers. The kitchen is just as charming, with a gas range, large pantry, and a convenient door to the outside, making summer BBQs a breeze. The second bedroom is filled with natural light, offering laminate floors, a ceiling fan, and a large window overlooking the property. The hall bath features an updated vanity and plenty of space, while the primary suite offers a large closet and an ensuite bathroom with a step-in shower. Outside, the fully fenced yard is a blank canvas for your imagination, ready for a lush garden, play area, or entertaining space. An oversized concrete patio provides the perfect spot for outdoor dining or weekend BBQs, with plenty of room left over for pets, gardening, or adding a future fire pit. There's even RV/boat parking with a wide gate and a large storage shed. Practical upgrades make this home even more appealing, including a Generac generator connected to the home for instant power when needed, laundry hookups in the attached two-car garage, and ample parking in the driveway. With its sun-filled spaces, modern updates, and oversized lot, 1491 Nunneley Rd offers the perfect combination of comfort, security, and potential, ready for you to bring your vision to life."
1189235002,numeric,"11098 Piedmont St, Rancho Cucamonga 91701Located on a quiet cul-de-sac and backing directly to a peaceful greenbelt park, this home is a true masterpiece packed with premium upgrades, a full paid solar system. From the excellent curb appeal to the resort-style backyard oasis, every detail of this 4-bedroom property has been beautifully remodeled. Upgrades galore, including designer lighting fixtures, and custom built-in storage throughout. Paid off SOLAR The formal living room serves as a stunning entertaining space, featuring a beautiful brick hearth fireplace and featuring dedicated room for seating and entertaining. At the heart of the home is a fully remodeled gourmet kitchen, showcasing a massive center island with bar seating, premium Quartz countertops, a custom full-tile backsplash, sleek stainless-steel appliances, and an oversized sink. The kitchen flows seamlessly into an adjacent family room, which boasts a cozy second fireplace and additional custom built-ins. All four bedrooms are generously sized, highlighted by a larger primary suite with a walk-in closet and a private en-suite bathroom. An Outdoor OasisThe backyard is an absolute showstopper, meticulously designed to look like a private luxury resort. The space features a recently remodeled sparkling pool and spa, completely secluded with no rear neighbors. Relax in the shade under the expansive covered patio, or step up to the exceptional elevated sun deck that overlooks the pool and the gorgeous park greenery below. Perfect for catching Southern California sunsets, this outdoor layout acts as a flawless, private extension of the home's interior."
1191049273,other,"Welcome to 2205 Lemontree Way #2. A fantastic opportunity for a first time buyer, someone looking to downsize or an investor searching for a solid rental property. Recently remodeled, two story condominium. Kitchen with ample cabinetry and generous counter space, dining area and living room are on the ground floor. Both bedrooms, the main including a walk in closet, and the bathroom are on the second floor. Garage parking with extra storage. Community pool and an on-site laundry room. Quick access to Highway 4 and near Antioch BART, local dining, shopping and parks. Make this house your home!"
1145828489,other,"Sculptural architecture meets refined coastal living in this award-winning custom Horst Architects residence inside Irvine Cove, Laguna Beach's most exclusive private community. Clean modern geometry, dramatic scale, and warm natural materials come together with effortless sophistication. Upon arrival, a bold architectural procession unfolds along floating steps skimming an infinity-edge pool, moving past linear fire features and sleek outdoor lounges before reaching an oversized glass pivot entry. Walls of glass slide away completely, dissolving boundaries between indoors and out to create a seamless connection from the courtyard through the main living areas. Light and landscape play across cast-in-place concrete and wood, grounding the home in its coastal setting while framing curated ocean views. Anchoring the residence, a showcase kitchen with Gaggenau and Bosch appliances pairs with a concealed prep kitchen-designed for both relaxed daily living and elevated entertaining. Open-concept spaces invite connection while maintaining architectural drama, all oriented toward sunlit terraces and resort-style amenities. Further along on the main level, the primary suite delivers calm sophistication with ocean glimpses, a sculptural fireplace, automated wood privacy screens, and a spa-level bath illuminated by a glass-ceiling steam shower. Below, lifestyle and wellness take priority with an indoor/outdoor gym, private sauna, and steam facilities designed for daily rejuvenation. Located on the northern end of Laguna Beach, Irvine Cove offers 24-hour guard-gated privacy, tennis courts, an oceanfront park, and coveted private access to Irvine Cove Beach."
1177111490,numeric,"Beautifully upgraded and remodeled 3 bedroom 1.5 Bathrooms beautiful community, in the heart of of the city of Gardena Walk in front door into the living room with laminate hardwood floors. Downstairs has a huge basement which is part of the structure with half bath - sink and toilet, with laundry room conveniently located in the same basement room. Family room is located next to the kitchen and both have laminate hardwood floors. Kitchen has stainless steel dual sink, stainless black and stainless steel free range stove/oven, and stainless steel hood. Cabinets are a beautiful white color with matching silver knobs already in place. Kitchen sink has a window that lets in soft light. Upstairs there are 3 bedrooms and 1 full bathroom. The bathroom is spacious with a shower combo and wide sink vanity with plenty of countertop space. The primary bedroom has gorgeous laminate wood-look vinyl plank flooring, ceiling 2 closets. The second bedroom has laminate wood-look vinyl plank flooring, 1 closet, and a window."
1190672287,other,"SIGNATURE HOLE GOLF COURSE LOCATION! Take advantage of a wonderful location. A rare opportunity to move into a beautifully renovated attached home across from the 15th green and 16th tee box of the Pauma Valley Country Club Golf Course. There are only 5 of the Temet units that are located on the golf course. Suitable for full-time or part time occupancy, this easy to care for home offers three spacious bedrooms complete with three private baths and patio access. Whitewashed wood cathedral ceilings, wood floors and new large sliding windows make the rooms bright and cheery. The kitchen is amazing with high quality appliances and plenty of counter space. The cozy fireplace invites you to keep warm in the adjoining dining and living rooms, and a convenient bar with wine refrigerator helps to make the demands of entertaining go smoothly. All rooms have access to patios where you can enjoy lush views of the greenbelt, golf course, courtyard or garden. Even your golf cart has a home in the 2.5 car garage. Pauma Valley Country Club is a private club. New Homeowners are welcomed to apply for Membership. Various Memberships are available."
1153267517,price,"NEWLY REPOSITIONED PRICE - Beautifully remodeled and move-in ready, this exceptional Alhambra home is now offered at $1278000. Featuring 1751 square feet of living space on a 6449 square feet lot, the home offers a bright, functional floor plan with formal living room, spacious family room/dining area with fireplace, and a designer kitchen with white shaker cabinetry, quartz countertops, and water-resistant luxury vinyl flooring throughout. Both bathrooms have been stylishly renovated with contemporary finishes, and the spacious primary suite features dual vanities and separate closets. Additional upgrades include black vinyl retrofit windows, recessed lighting, updated copper plumbing, and a two-car garage with direct access. Ideally located near Granada Park, top-rated schools, shopping, dining, and convenient freeway access to Downtown LA, Pasadena, San Gabriel, Monterey Park, and surrounding communities. An exceptional opportunity to own a turnkey Alhambra home with style, location, and value at a newly improved price."
1176003135,numeric,"Welcome to this beautifully single-story home in Menlo Park, offering approximately 1730 square feet of living space on a generous lot in one of Silicon Valley's most sought-after locations. The bright and inviting floor plan is designed for both comfortable everyday living and effortless entertaining. At the heart of the home is an updated kitchen featuring brand new appliances, an eat-in dining area, and seamless flow into the formal dining room and surrounding living spaces. Expansive living and family rooms provide multiple areas to relax, gather, and entertain. A versatile bonus room offers the flexibility for a home office, creative studio, playroom, or fitness space, while a dedicated laundry room adds convenience. Spacious bedrooms provide comfort and privacy, while beautiful hardwood floors and updated fixtures add warmth, character, and timeless appeal throughout. Step outside to the newly paved backyard with plenty of space for outdoor dining, entertaining, gardening, or creating your own private retreat. Ideally located near parks, shopping, downtown Menlo Park, Palo Alto, major tech campuses including Meta, and commuter routes with easy access to Highway 101. This exceptional property offers the perfect combination of space, flexibility, and convenience."
1177202333,numeric,"Completely renovated, move-in ready, and priced to sell! This beautifully updated single-story home features 3 bedrooms, 1 bathroom, approximately 1052 square feet of living space, and sits on a spacious 9000-square-foot lot with plenty of room for RV parking, additional vehicles, recreational toys, or future improvements. Step inside to discover a bright, open floor plan featuring luxury vinyl plank flooring, fresh interior paint, updated lighting, dual-pane windows, and a beautifully remodeled kitchen with butcher block countertops, shaker-style cabinetry, stainless steel appliances, and an inviting dining area. The updated bathroom offers modern fixtures and finishes, while all three bedrooms provide comfortable living spaces filled with natural light. Central air conditioning keeps the home comfortable year-round. The expansive backyard offers endless possibilities. Create your own outdoor entertaining space, add a workshop, design a relaxing desert oasis, or simply enjoy the extra room to spread out. Conveniently located just minutes from the Marine Corps Air Ground Combat Center (MCAGCC), the North Entrance of Joshua Tree National Park, shopping, restaurants, hiking trails, schools, and everyday conveniences. Whether you're looking for a primary residence, vacation home, military housing, or investment property, this home offers exceptional value in one of the High Desert's fastest-growing communities. For added peace of mind, the seller will provide the buyer with a one-year home warranty. With no homeowners association, attractive curb appeal, and thoughtful modern upgrades throughout, this turnkey home is ready for its next owner. Turnkey homes at this price point don't come along often. Schedule your private showing today before this opportunity is gone!"
1179917151,numeric,"MAJOR PRICE IMPROVEMENT! Motivated seller! Seller will consider buyer concessions with an acceptable offer. Exceptional opportunity and incredible value in Bankers Hill! Beautifully upgraded 2 bedroom/2 bathroom residence. Freshly painted and move-in ready, featuring an open floor plan, rich wood cabinetry, granite surfaces, stainless steel appliances, fireplace and stylishly remodeled baths. Ideally located near Balboa Park, Little Italy, Hillcrest, Downtown and the airport, with restaurants and cafes just moments away. 2 dedicated parking spaces. The open living and dining areas flow effortlessly into the kitchen, where rich wood cabinetry, granite surfaces and stainless steel appliances create a warm, modern aesthetic. A fireplace adds character to the living space, while abundant natural light and city and San Diego Bay views enhance the home's inviting atmosphere. Two dedicated parking spaces and air conditioning add everyday convenience. Villa Portofino offers a desirable collection of community amenities, including an outdoor swimming pool and spa, fitness center, BBQ area and inviting common spaces. homeowners association dues include water and trash."
1189331158,price,"Welcome to 333 Pirate Road, an exceptional opportunity in Cliff Haven, one of Newport Beach's most coveted residential neighborhoods. Often associated with Newport Heights, Cliff Haven is a distinctive enclave of its own, known for its wide streets, established homes, and highly sought-after location. This five-bedroom, four-bathroom home offers timeless East Coast-inspired style with a relaxed Hamptons feel. Classic shingle siding, traditional hardwood floors, custom built-ins, detailed moldings, and Carrera marble in the kitchen give the home warmth, character, and architectural charm that is increasingly difficult to find. Outside, a private pool and spa create the perfect setting for enjoying the Newport Beach lifestyle. At this price point, the property offers something increasingly rare in Cliff Haven: options. Move right in and enjoy the home in its current condition, thoughtfully remodel to create a more open and modern floor plan, or explore an addition to expand the home and maximize its potential. With nearby sales exceeding $12 million, 333 Pirate presents a compelling opportunity to own in prestigious Cliff Haven while offering the flexibility to enjoy today and create additional value over time. A classic Newport Beach home, a pool and spa, five bedrooms, and an electric car charger provide significant upside in one of the area's most desirable neighborhoods."
1189570625,numeric,"Discover 168 acres of open Sierra foothill country just outside Coulterville. This versatile ranch features rolling grasslands, mature oaks, panoramic mountain views, a large irrigated pasture with irrigation water included and a scenic stock pond. A newer 3-bedroom, 2-bath manufactured home offers approximately 1444 square feet., a spacious Trex deck and detached garage. A barn and tractor provide a head start for ranching, livestock or equestrian use. Ideal as a working ranch, recreational getaway, family retreat or long-term land investment. Seller may offer up to a 1% credit toward buyer's closing costs or interest-rate buydown when financing through AFN Mortgage, subject to loan-program requirements."
1183989744,numeric,"ASK THE SELLER ABOUT AN INTEREST RATE BUY-DOWN! Welcome home to this custom two-story gem, tucked onto an oversized cul-de-sac lot in the sought after, award winning Los Alamitos school district. From the moment you step through the custom solid wood Dutch front door, you'll feel the warmth of a floor plan designed for real life - inviting, comfortable, and flowing effortlessly from room to room. With 4 bedrooms plus a dedicated office, a family room, and a separate living room, there's space for everyone to spread out and gather together. This floor plan offers great flexibility - a downstairs primary suite could easily be created, making it ideal for multi-generational families or long-term planning. The updated kitchen is the heart of the home, featuring oak cabinetry, stainless steel appliances, a walk-in pantry, and a reverse osmosis water filter at the sink - all while overlooking the backyard, perfect for entertaining or keeping an eye on kids at play. Thoughtful updates continue throughout, including refreshed bathrooms, gleaming hardwood floors, new carpet in the living and family rooms, and freshly painted interiors that make the home ready for you to move right in. Enjoy year-round comfort with central air conditioning, dual pane windows, copper plumbing, and a whole-house water filtration system - the kind of details that offer real peace of mind. Outside, the backyard delivers space to relax, play, and entertain. There's a covered patio, a generous grassy area on one side, and refreshed hardscape on the other - an ideal spot to add a spa - plus two storage sheds for all your extras. The exterior stucco has been beautifully refinished with a smooth coat Santa Barbara finish, adding timeless curb appeal along with the mature landscape. Direct garage access and an inside laundry room round out the everyday convenience this home delivers. Ideally located near Old Ranch Golf Course, Seal Beach Tennis and Pickleball Center, and popular shopping centers, with easy access to the 405, 605, and 22 freeways for a smooth commute. Priced to move - this is the one you've been waiting for."
1189683445,numeric,"Largest lot currently on the market in Oak Park! Located in desirable Oak Park, this move-in ready single-story home offers 4 bedrooms, 3 bathrooms, and approximately 1892 square feet of living space on an expansive 12632-square-foot lot. Lovingly cared for by the same owners since 2007, this home reflects true pride of ownership. The home's inviting curb appeal sets the tone from the moment you arrive. The interior features fresh paint, a remodeled kitchen with Bosch appliances, a formal living room, a separate family room, a dedicated dining room, and two ensuite bedrooms. Thoughtfully maintained over the years, this home offers the perfect opportunity for its next owners to move right in and enjoy. The backyard is where this property truly shines. The expansive lot features a pool with a custom-built slide, a built-in outdoor entertaining area with BBQ and refrigerator, and a large grassy area perfect for gatherings, play, or relaxing. With its generous size and versatility, the property also offers potential for an ADU, RV parking, pool house, sport court, garden, or future expansion (buyer to verify). Whether you're looking for a home that's ready to enjoy today or one you can thoughtfully make your own over time, this property offers the flexibility, outdoor space, and future potential that is increasingly hard to find in Oak Park."
